backend,layout,dataset,rows,dimensions,dtype,operation,operation_parameter,iteration,elapsed_seconds,artifact_bytes,peak_memory_bytes,threads,compression,timestamp,git_commit,rows_per_second,values_per_second
csv,wide,synthetic,2000,256,float32,write,all,0,0.158072500002163,5646895,,1,none,2026-09-23T18:56:56.957464+00:00,d9a4c43,12652.42214789184,3239020.069860311
csv,wide,synthetic,2000,256,float32,write,all,1,0.15951966599823209,5646895,,1,none,2026-09-23T18:56:56.957464+00:00,d9a4c43,12537.639089729322,3209635.6069707065
csv,wide,synthetic,2000,256,float32,write,all,2,0.16152770900225732,5646895,,1,none,2026-09-23T18:56:56.957464+00:00,d9a4c43,12381.776553099322,3169734.7975934264
csv,wide,synthetic,2000,256,float32,full_read,all,0,0.02667404200474266,5646895,,1,none,2026-09-23T18:56:56.957464+00:00,d9a4c43,,
csv,wide,synthetic,2000,256,float32,full_read,all,1,0.026433540995640215,5646895,,1,none,2026-09-23T18:56:56.957464+00:00,d9a4c43,,
csv,wide,synthetic,2000,256,float32,full_read,all,2,0.028347832994768396,5646895,,1,none,2026-09-23T18:56:56.957464+00:00,d9a4c43,,
csv,wide,synthetic,2000,256,float32,matrix_materialization,all,0,0.028109291997679975,5646895,,1,none,2026-09-23T18:56:56.957464+00:00,d9a4c43,,
csv,wide,synthetic,2000,256,float32,matrix_materialization,all,1,0.029227791004814208,5646895,,1,none,2026-09-23T18:56:56.957464+00:00,d9a4c43,,
csv,wide,synthetic,2000,256,float32,matrix_materialization,all,2,0.02807829099765513,5646895,,1,none,2026-09-23T18:56:56.957464+00:00,d9a4c43,,
csv,wide,synthetic,2000,256,float32,random_rows,128,0,0.027045375005400274,5646895,,1,none,2026-09-23T18:56:56.957464+00:00,d9a4c43,,
csv,wide,synthetic,2000,256,float32,random_rows,128,1,0.027404291999118868,5646895,,1,none,2026-09-23T18:56:56.957464+00:00,d9a4c43,,
csv,wide,synthetic,2000,256,float32,random_rows,128,2,0.026257500001520384,5646895,,1,none,2026-09-23T18:56:56.957464+00:00,d9a4c43,,
csv,wide,synthetic,2000,256,float32,feature_projection,8,0,0.013090874999761581,5646895,,1,none,2026-09-23T18:56:56.957464+00:00,d9a4c43,,
csv,wide,synthetic,2000,256,float32,feature_projection,8,1,0.012783582998963539,5646895,,1,none,2026-09-23T18:56:56.957464+00:00,d9a4c43,,
csv,wide,synthetic,2000,256,float32,feature_projection,8,2,0.012945416005095467,5646895,,1,none,2026-09-23T18:56:56.957464+00:00,d9a4c43,,
csv,wide,synthetic,2000,256,float32,vector_norm,l2,0,0.02784912499919301,5646895,,1,none,2026-09-23T18:56:56.957464+00:00,d9a4c43,,
csv,wide,synthetic,2000,256,float32,vector_norm,l2,1,0.027793875000497792,5646895,,1,none,2026-09-23T18:56:56.957464+00:00,d9a4c43,,
csv,wide,synthetic,2000,256,float32,vector_norm,l2,2,0.0281681669948739,5646895,,1,none,2026-09-23T18:56:56.957464+00:00,d9a4c43,,
csv,delimited_array,synthetic,2000,256,float32,write,all,0,0.2617867090011714,6288896,,1,none,2026-09-23T18:56:56.957464+00:00,d9a4c43,7639.807260005132,1955790.6585613138
csv,delimited_array,synthetic,2000,256,float32,write,all,1,0.2614886250012205,6288896,,1,none,2026-09-23T18:56:56.957464+00:00,d9a4c43,7648.516259514788,1958020.1624357856
csv,delimited_array,synthetic,2000,256,float32,write,all,2,0.26688387500325916,6288896,,1,none,2026-09-23T18:56:56.957464+00:00,d9a4c43,7493.895987442389,1918437.3727852516
csv,delimited_array,synthetic,2000,256,float32,full_read,all,0,0.029404832996078767,6288896,,1,none,2026-09-23T18:56:56.957464+00:00,d9a4c43,,
csv,delimited_array,synthetic,2000,256,float32,full_read,all,1,0.029211542001576163,6288896,,1,none,2026-09-23T18:56:56.957464+00:00,d9a4c43,,
csv,delimited_array,synthetic,2000,256,float32,full_read,all,2,0.029231957996671554,6288896,,1,none,2026-09-23T18:56:56.957464+00:00,d9a4c43,,
csv,delimited_array,synthetic,2000,256,float32,matrix_materialization,all,0,0.05421441699581919,6288896,,1,none,2026-09-23T18:56:56.957464+00:00,d9a4c43,,
csv,delimited_array,synthetic,2000,256,float32,matrix_materialization,all,1,0.052820375000010245,6288896,,1,none,2026-09-23T18:56:56.957464+00:00,d9a4c43,,
csv,delimited_array,synthetic,2000,256,float32,matrix_materialization,all,2,0.05195291699783411,6288896,,1,none,2026-09-23T18:56:56.957464+00:00,d9a4c43,,
csv,delimited_array,synthetic,2000,256,float32,random_rows,128,0,0.05069562500284519,6288896,,1,none,2026-09-23T18:56:56.957464+00:00,d9a4c43,,
csv,delimited_array,synthetic,2000,256,float32,random_rows,128,1,0.05130937499779975,6288896,,1,none,2026-09-23T18:56:56.957464+00:00,d9a4c43,,
csv,delimited_array,synthetic,2000,256,float32,random_rows,128,2,0.051461165996443015,6288896,,1,none,2026-09-23T18:56:56.957464+00:00,d9a4c43,,
csv,delimited_array,synthetic,2000,256,float32,feature_projection,8,0,0.054984333997708745,6288896,,1,none,2026-09-23T18:56:56.957464+00:00,d9a4c43,,
csv,delimited_array,synthetic,2000,256,float32,feature_projection,8,1,0.05324625000503147,6288896,,1,none,2026-09-23T18:56:56.957464+00:00,d9a4c43,,
csv,delimited_array,synthetic,2000,256,float32,feature_projection,8,2,0.05194445799861569,6288896,,1,none,2026-09-23T18:56:56.957464+00:00,d9a4c43,,
csv,delimited_array,synthetic,2000,256,float32,vector_norm,l2,0,0.05071887499798322,6288896,,1,none,2026-09-23T18:56:56.957464+00:00,d9a4c43,,
csv,delimited_array,synthetic,2000,256,float32,vector_norm,l2,1,0.051591957999335136,6288896,,1,none,2026-09-23T18:56:56.957464+00:00,d9a4c43,,
csv,delimited_array,synthetic,2000,256,float32,vector_norm,l2,2,0.051484041003277525,6288896,,1,none,2026-09-23T18:56:56.957464+00:00,d9a4c43,,
csv,json_array,synthetic,2000,256,float32,write,all,0,0.2036139159972663,10121371,,1,none,2026-09-23T18:56:56.957464+00:00,d9a4c43,9822.511345574492,2514562.90446707
csv,json_array,synthetic,2000,256,float32,write,all,1,0.207418999998481,10121371,,1,none,2026-09-23T18:56:56.957464+00:00,d9a4c43,9642.318206213735,2468433.460790716
csv,json_array,synthetic,2000,256,float32,write,all,2,0.2078608340016217,10121371,,1,none,2026-09-23T18:56:56.957464+00:00,d9a4c43,9621.822262025546,2463186.4990785397
csv,json_array,synthetic,2000,256,float32,full_read,all,0,0.04284183400159236,10121371,,1,none,2026-09-23T18:56:56.957464+00:00,d9a4c43,,
csv,json_array,synthetic,2000,256,float32,full_read,all,1,0.04238483299559448,10121371,,1,none,2026-09-23T18:56:56.957464+00:00,d9a4c43,,
csv,json_array,synthetic,2000,256,float32,full_read,all,2,0.043261374994472135,10121371,,1,none,2026-09-23T18:56:56.957464+00:00,d9a4c43,,
csv,json_array,synthetic,2000,256,float32,matrix_materialization,all,0,0.11067541599913966,10121371,,1,none,2026-09-23T18:56:56.957464+00:00,d9a4c43,,
csv,json_array,synthetic,2000,256,float32,matrix_materialization,all,1,0.1100313749993802,10121371,,1,none,2026-09-23T18:56:56.957464+00:00,d9a4c43,,
csv,json_array,synthetic,2000,256,float32,matrix_materialization,all,2,0.11048250000021653,10121371,,1,none,2026-09-23T18:56:56.957464+00:00,d9a4c43,,
csv,json_array,synthetic,2000,256,float32,random_rows,128,0,0.10818041599850403,10121371,,1,none,2026-09-23T18:56:56.957464+00:00,d9a4c43,,
csv,json_array,synthetic,2000,256,float32,random_rows,128,1,0.11057925000204705,10121371,,1,none,2026-09-23T18:56:56.957464+00:00,d9a4c43,,
csv,json_array,synthetic,2000,256,float32,random_rows,128,2,0.10951191700587515,10121371,,1,none,2026-09-23T18:56:56.957464+00:00,d9a4c43,,
csv,json_array,synthetic,2000,256,float32,feature_projection,8,0,0.10912000000098487,10121371,,1,none,2026-09-23T18:56:56.957464+00:00,d9a4c43,,
csv,json_array,synthetic,2000,256,float32,feature_projection,8,1,0.10911937500350177,10121371,,1,none,2026-09-23T18:56:56.957464+00:00,d9a4c43,,
csv,json_array,synthetic,2000,256,float32,feature_projection,8,2,0.11304220800229814,10121371,,1,none,2026-09-23T18:56:56.957464+00:00,d9a4c43,,
csv,json_array,synthetic,2000,256,float32,vector_norm,l2,0,0.1082198750009411,10121371,,1,none,2026-09-23T18:56:56.957464+00:00,d9a4c43,,
csv,json_array,synthetic,2000,256,float32,vector_norm,l2,1,0.11021262500435114,10121371,,1,none,2026-09-23T18:56:56.957464+00:00,d9a4c43,,
csv,json_array,synthetic,2000,256,float32,vector_norm,l2,2,0.11062029199820245,10121371,,1,none,2026-09-23T18:56:56.957464+00:00,d9a4c43,,
vortex,wide,synthetic,2000,256,float32,write,all,0,0.0852829580035177,2127360,,1,none,2026-09-23T18:56:56.957464+00:00,d9a4c43,23451.34417027966,6003544.107591593
vortex,wide,synthetic,2000,256,float32,write,all,1,0.10068920799676562,2127360,,1,none,2026-09-23T18:56:56.957464+00:00,d9a4c43,19863.101913208462,5084954.089781366
vortex,wide,synthetic,2000,256,float32,write,all,2,0.08158195799478563,2127360,,1,none,2026-09-23T18:56:56.957464+00:00,d9a4c43,24515.224311334026,6275897.423701511
vortex,wide,synthetic,2000,256,float32,full_read,all,0,0.003565708000678569,2127360,,1,none,2026-09-23T18:56:56.957464+00:00,d9a4c43,,
vortex,wide,synthetic,2000,256,float32,full_read,all,1,0.003851499997836072,2127360,,1,none,2026-09-23T18:56:56.957464+00:00,d9a4c43,,
vortex,wide,synthetic,2000,256,float32,full_read,all,2,0.003912667001713999,2127360,,1,none,2026-09-23T18:56:56.957464+00:00,d9a4c43,,
vortex,wide,synthetic,2000,256,float32,matrix_materialization,all,0,0.005233833006059285,2127360,,1,none,2026-09-23T18:56:56.957464+00:00,d9a4c43,,
vortex,wide,synthetic,2000,256,float32,matrix_materialization,all,1,0.005182666995096952,2127360,,1,none,2026-09-23T18:56:56.957464+00:00,d9a4c43,,
vortex,wide,synthetic,2000,256,float32,matrix_materialization,all,2,0.004999332995794248,2127360,,1,none,2026-09-23T18:56:56.957464+00:00,d9a4c43,,
vortex,wide,synthetic,2000,256,float32,random_rows,128,0,0.00500179200025741,2127360,,1,none,2026-09-23T18:56:56.957464+00:00,d9a4c43,,
vortex,wide,synthetic,2000,256,float32,random_rows,128,1,0.00498216699634213,2127360,,1,none,2026-09-23T18:56:56.957464+00:00,d9a4c43,,
vortex,wide,synthetic,2000,256,float32,random_rows,128,2,0.004998874996090308,2127360,,1,none,2026-09-23T18:56:56.957464+00:00,d9a4c43,,
vortex,wide,synthetic,2000,256,float32,feature_projection,8,0,0.00395316700451076,2127360,,1,none,2026-09-23T18:56:56.957464+00:00,d9a4c43,,
vortex,wide,synthetic,2000,256,float32,feature_projection,8,1,0.0036949999994249083,2127360,,1,none,2026-09-23T18:56:56.957464+00:00,d9a4c43,,
vortex,wide,synthetic,2000,256,float32,feature_projection,8,2,0.0036700420023407787,2127360,,1,none,2026-09-23T18:56:56.957464+00:00,d9a4c43,,
vortex,wide,synthetic,2000,256,float32,vector_norm,l2,0,0.0048943329966277815,2127360,,1,none,2026-09-23T18:56:56.957464+00:00,d9a4c43,,
vortex,wide,synthetic,2000,256,float32,vector_norm,l2,1,0.004837375003262423,2127360,,1,none,2026-09-23T18:56:56.957464+00:00,d9a4c43,,
vortex,wide,synthetic,2000,256,float32,vector_norm,l2,2,0.004851333003898617,2127360,,1,none,2026-09-23T18:56:56.957464+00:00,d9a4c43,,
vortex,fixed_array,synthetic,2000,256,float32,write,all,0,0.00612229199759895,1829214,,1,none,2026-09-23T18:56:56.957464+00:00,d9a4c43,326675.04274287523,83628810.94217606
vortex,fixed_array,synthetic,2000,256,float32,write,all,1,0.0058929169972543605,1829214,,1,none,2026-09-23T18:56:56.957464+00:00,d9a4c43,339390.4921674349,86883965.99486333
vortex,fixed_array,synthetic,2000,256,float32,write,all,2,0.004804791002243292,1829214,,1,none,2026-09-23T18:56:56.957464+00:00,d9a4c43,416251.1957473753,106560306.11132808
vortex,fixed_array,synthetic,2000,256,float32,full_read,all,0,0.00036454200017033145,1829214,,1,none,2026-09-23T18:56:56.957464+00:00,d9a4c43,,
vortex,fixed_array,synthetic,2000,256,float32,full_read,all,1,0.0003973749990109354,1829214,,1,none,2026-09-23T18:56:56.957464+00:00,d9a4c43,,
vortex,fixed_array,synthetic,2000,256,float32,full_read,all,2,0.0004040420026285574,1829214,,1,none,2026-09-23T18:56:56.957464+00:00,d9a4c43,,
vortex,fixed_array,synthetic,2000,256,float32,matrix_materialization,all,0,0.0004418340031406842,1829214,,1,none,2026-09-23T18:56:56.957464+00:00,d9a4c43,,
vortex,fixed_array,synthetic,2000,256,float32,matrix_materialization,all,1,0.0005428750009741634,1829214,,1,none,2026-09-23T18:56:56.957464+00:00,d9a4c43,,
vortex,fixed_array,synthetic,2000,256,float32,matrix_materialization,all,2,0.0004235419983160682,1829214,,1,none,2026-09-23T18:56:56.957464+00:00,d9a4c43,,
vortex,fixed_array,synthetic,2000,256,float32,random_rows,128,0,0.00039037499664118513,1829214,,1,none,2026-09-23T18:56:56.957464+00:00,d9a4c43,,
vortex,fixed_array,synthetic,2000,256,float32,random_rows,128,1,0.00039629100501770154,1829214,,1,none,2026-09-23T18:56:56.957464+00:00,d9a4c43,,
vortex,fixed_array,synthetic,2000,256,float32,random_rows,128,2,0.0004048750051879324,1829214,,1,none,2026-09-23T18:56:56.957464+00:00,d9a4c43,,
vortex,fixed_array,synthetic,2000,256,float32,feature_projection,8,0,0.0004669580011977814,1829214,,1,none,2026-09-23T18:56:56.957464+00:00,d9a4c43,,
vortex,fixed_array,synthetic,2000,256,float32,feature_projection,8,1,0.0004264999952283688,1829214,,1,none,2026-09-23T18:56:56.957464+00:00,d9a4c43,,
vortex,fixed_array,synthetic,2000,256,float32,feature_projection,8,2,0.00046520800242433324,1829214,,1,none,2026-09-23T18:56:56.957464+00:00,d9a4c43,,
vortex,fixed_array,synthetic,2000,256,float32,vector_norm,l2,0,0.0005101670030853711,1829214,,1,none,2026-09-23T18:56:56.957464+00:00,d9a4c43,,
vortex,fixed_array,synthetic,2000,256,float32,vector_norm,l2,1,0.0005065420045866631,1829214,,1,none,2026-09-23T18:56:56.957464+00:00,d9a4c43,,
vortex,fixed_array,synthetic,2000,256,float32,vector_norm,l2,2,0.0005014999987906776,1829214,,1,none,2026-09-23T18:56:56.957464+00:00,d9a4c43,,
lance,wide,synthetic,2000,256,float32,write,all,0,0.01893220799684059,2269093,,1,lance_default,2026-09-23T18:56:56.957464+00:00,d9a4c43,105640.08172389404,27043860.921316873
lance,wide,synthetic,2000,256,float32,write,all,1,0.016958874999545515,2269093,,1,lance_default,2026-09-23T18:56:56.957464+00:00,d9a4c43,117932.3510582865,30190681.870921344
lance,wide,synthetic,2000,256,float32,write,all,2,0.02052041600109078,2269093,,1,lance_default,2026-09-23T18:56:56.957464+00:00,d9a4c43,97463.91105783082,24950761.23080469
lance,wide,synthetic,2000,256,float32,full_read,all,0,0.006382167004630901,2269093,,1,lance_default,2026-09-23T18:56:56.957464+00:00,d9a4c43,,
lance,wide,synthetic,2000,256,float32,full_read,all,1,0.0061091670067980886,2269093,,1,lance_default,2026-09-23T18:56:56.957464+00:00,d9a4c43,,
lance,wide,synthetic,2000,256,float32,full_read,all,2,0.006217333997483365,2269093,,1,lance_default,2026-09-23T18:56:56.957464+00:00,d9a4c43,,
lance,wide,synthetic,2000,256,float32,matrix_materialization,all,0,0.01997841599950334,2269093,,1,lance_default,2026-09-23T18:56:56.957464+00:00,d9a4c43,,
lance,wide,synthetic,2000,256,float32,matrix_materialization,all,1,0.01983124999969732,2269093,,1,lance_default,2026-09-23T18:56:56.957464+00:00,d9a4c43,,
lance,wide,synthetic,2000,256,float32,matrix_materialization,all,2,0.01954262499930337,2269093,,1,lance_default,2026-09-23T18:56:56.957464+00:00,d9a4c43,,
lance,wide,synthetic,2000,256,float32,random_rows,128,0,0.019715374997758772,2269093,,1,lance_default,2026-09-23T18:56:56.957464+00:00,d9a4c43,,
lance,wide,synthetic,2000,256,float32,random_rows,128,1,0.01967624999815598,2269093,,1,lance_default,2026-09-23T18:56:56.957464+00:00,d9a4c43,,
lance,wide,synthetic,2000,256,float32,random_rows,128,2,0.02100666699698195,2269093,,1,lance_default,2026-09-23T18:56:56.957464+00:00,d9a4c43,,
lance,wide,synthetic,2000,256,float32,feature_projection,8,0,0.0025071250056498684,2269093,,1,lance_default,2026-09-23T18:56:56.957464+00:00,d9a4c43,,
lance,wide,synthetic,2000,256,float32,feature_projection,8,1,0.0025763330049812794,2269093,,1,lance_default,2026-09-23T18:56:56.957464+00:00,d9a4c43,,
lance,wide,synthetic,2000,256,float32,feature_projection,8,2,0.0023893330071587116,2269093,,1,lance_default,2026-09-23T18:56:56.957464+00:00,d9a4c43,,
lance,wide,synthetic,2000,256,float32,vector_norm,l2,0,0.031366875002277084,2269093,,1,lance_default,2026-09-23T18:56:56.957464+00:00,d9a4c43,,
lance,wide,synthetic,2000,256,float32,vector_norm,l2,1,0.05153749999590218,2269093,,1,lance_default,2026-09-23T18:56:56.957464+00:00,d9a4c43,,
lance,wide,synthetic,2000,256,float32,vector_norm,l2,2,0.021512958002858795,2269093,,1,lance_default,2026-09-23T18:56:56.957464+00:00,d9a4c43,,
lance,fixed_array,synthetic,2000,256,float32,write,all,0,0.01731991700216895,2098131,,1,lance_default,2026-09-23T18:56:56.957464+00:00,d9a4c43,115473.99446253366,29561342.58240862
lance,fixed_array,synthetic,2000,256,float32,write,all,1,0.007648708000488114,2098131,,1,lance_default,2026-09-23T18:56:56.957464+00:00,d9a4c43,261482.06989629712,66939409.89345206
lance,fixed_array,synthetic,2000,256,float32,write,all,2,0.007560750003904104,2098131,,1,lance_default,2026-09-23T18:56:56.957464+00:00,d9a4c43,264524.021951165,67718149.61949824
lance,fixed_array,synthetic,2000,256,float32,full_read,all,0,0.0011397090056561865,2098131,,1,lance_default,2026-09-23T18:56:56.957464+00:00,d9a4c43,,
lance,fixed_array,synthetic,2000,256,float32,full_read,all,1,0.0015467499979422428,2098131,,1,lance_default,2026-09-23T18:56:56.957464+00:00,d9a4c43,,
lance,fixed_array,synthetic,2000,256,float32,full_read,all,2,0.0016429999959655106,2098131,,1,lance_default,2026-09-23T18:56:56.957464+00:00,d9a4c43,,
lance,fixed_array,synthetic,2000,256,float32,matrix_materialization,all,0,0.0016045830052462406,2098131,,1,lance_default,2026-09-23T18:56:56.957464+00:00,d9a4c43,,
lance,fixed_array,synthetic,2000,256,float32,matrix_materialization,all,1,0.0017364169980282895,2098131,,1,lance_default,2026-09-23T18:56:56.957464+00:00,d9a4c43,,
lance,fixed_array,synthetic,2000,256,float32,matrix_materialization,all,2,0.0013600409947684966,2098131,,1,lance_default,2026-09-23T18:56:56.957464+00:00,d9a4c43,,
lance,fixed_array,synthetic,2000,256,float32,random_rows,128,0,0.0016298339978675358,2098131,,1,lance_default,2026-09-23T18:56:56.957464+00:00,d9a4c43,,
lance,fixed_array,synthetic,2000,256,float32,random_rows,128,1,0.0014232500034268014,2098131,,1,lance_default,2026-09-23T18:56:56.957464+00:00,d9a4c43,,
lance,fixed_array,synthetic,2000,256,float32,random_rows,128,2,0.0011896249998244457,2098131,,1,lance_default,2026-09-23T18:56:56.957464+00:00,d9a4c43,,
lance,fixed_array,synthetic,2000,256,float32,feature_projection,8,0,0.0010880420013563707,2098131,,1,lance_default,2026-09-23T18:56:56.957464+00:00,d9a4c43,,
lance,fixed_array,synthetic,2000,256,float32,feature_projection,8,1,0.0012611250058398582,2098131,,1,lance_default,2026-09-23T18:56:56.957464+00:00,d9a4c43,,
lance,fixed_array,synthetic,2000,256,float32,feature_projection,8,2,0.001333667001745198,2098131,,1,lance_default,2026-09-23T18:56:56.957464+00:00,d9a4c43,,
lance,fixed_array,synthetic,2000,256,float32,vector_norm,l2,0,0.0011750829944503494,2098131,,1,lance_default,2026-09-23T18:56:56.957464+00:00,d9a4c43,,
lance,fixed_array,synthetic,2000,256,float32,vector_norm,l2,1,0.0011258329977863468,2098131,,1,lance_default,2026-09-23T18:56:56.957464+00:00,d9a4c43,,
lance,fixed_array,synthetic,2000,256,float32,vector_norm,l2,2,0.0011514590005390346,2098131,,1,lance_default,2026-09-23T18:56:56.957464+00:00,d9a4c43,,
parquet,wide,synthetic,2000,256,float32,write,all,0,0.022210833005374297,2916387,,1,snappy,2026-09-23T18:56:56.957464+00:00,d9a4c43,90046.14998078033,23051814.395079765
parquet,wide,synthetic,2000,256,float32,write,all,1,0.022311458000331186,2916387,,1,snappy,2026-09-23T18:56:56.957464+00:00,d9a4c43,89640.04055540936,22947850.382184796
parquet,wide,synthetic,2000,256,float32,write,all,2,0.023137208001571707,2916387,,1,snappy,2026-09-23T18:56:56.957464+00:00,d9a4c43,86440.8531860949,22128858.415640295
parquet,wide,synthetic,2000,256,float32,full_read,all,0,0.0032197499967878684,2916387,,1,snappy,2026-09-23T18:56:56.957464+00:00,d9a4c43,,
parquet,wide,synthetic,2000,256,float32,full_read,all,1,0.003367208002600819,2916387,,1,snappy,2026-09-23T18:56:56.957464+00:00,d9a4c43,,
parquet,wide,synthetic,2000,256,float32,full_read,all,2,0.003663500006950926,2916387,,1,snappy,2026-09-23T18:56:56.957464+00:00,d9a4c43,,
parquet,wide,synthetic,2000,256,float32,matrix_materialization,all,0,0.005191415999433957,2916387,,1,snappy,2026-09-23T18:56:56.957464+00:00,d9a4c43,,
parquet,wide,synthetic,2000,256,float32,matrix_materialization,all,1,0.0051512499994714744,2916387,,1,snappy,2026-09-23T18:56:56.957464+00:00,d9a4c43,,
parquet,wide,synthetic,2000,256,float32,matrix_materialization,all,2,0.004929082999296952,2916387,,1,snappy,2026-09-23T18:56:56.957464+00:00,d9a4c43,,
parquet,wide,synthetic,2000,256,float32,random_rows,128,0,0.004971916998329107,2916387,,1,snappy,2026-09-23T18:56:56.957464+00:00,d9a4c43,,
parquet,wide,synthetic,2000,256,float32,random_rows,128,1,0.0048030420002760366,2916387,,1,snappy,2026-09-23T18:56:56.957464+00:00,d9a4c43,,
parquet,wide,synthetic,2000,256,float32,random_rows,128,2,0.004887875002168585,2916387,,1,snappy,2026-09-23T18:56:56.957464+00:00,d9a4c43,,
parquet,wide,synthetic,2000,256,float32,feature_projection,8,0,0.0016258749965345487,2916387,,1,snappy,2026-09-23T18:56:56.957464+00:00,d9a4c43,,
parquet,wide,synthetic,2000,256,float32,feature_projection,8,1,0.0016642080008750781,2916387,,1,snappy,2026-09-23T18:56:56.957464+00:00,d9a4c43,,
parquet,wide,synthetic,2000,256,float32,feature_projection,8,2,0.001610457999049686,2916387,,1,snappy,2026-09-23T18:56:56.957464+00:00,d9a4c43,,
parquet,wide,synthetic,2000,256,float32,vector_norm,l2,0,0.0047586250002495944,2916387,,1,snappy,2026-09-23T18:56:56.957464+00:00,d9a4c43,,
parquet,wide,synthetic,2000,256,float32,vector_norm,l2,1,0.004764166995300911,2916387,,1,snappy,2026-09-23T18:56:56.957464+00:00,d9a4c43,,
parquet,wide,synthetic,2000,256,float32,vector_norm,l2,2,0.004720457996882033,2916387,,1,snappy,2026-09-23T18:56:56.957464+00:00,d9a4c43,,
parquet,fixed_array,synthetic,2000,256,float32,write,all,0,0.012979541003005579,2691514,,1,snappy,2026-09-23T18:56:56.957464+00:00,d9a4c43,154088.65379267838,39446695.370925665
parquet,fixed_array,synthetic,2000,256,float32,write,all,1,0.010301375004928559,2691514,,1,snappy,2026-09-23T18:56:56.957464+00:00,d9a4c43,194148.83926108174,49702102.850836925
parquet,fixed_array,synthetic,2000,256,float32,write,all,2,0.012153832998592407,2691514,,1,snappy,2026-09-23T18:56:56.957464+00:00,d9a4c43,164557.14014102626,42126627.87610272
parquet,fixed_array,synthetic,2000,256,float32,full_read,all,0,0.0014555839952663518,2691514,,1,snappy,2026-09-23T18:56:56.957464+00:00,d9a4c43,,
parquet,fixed_array,synthetic,2000,256,float32,full_read,all,1,0.0017744590004440397,2691514,,1,snappy,2026-09-23T18:56:56.957464+00:00,d9a4c43,,
parquet,fixed_array,synthetic,2000,256,float32,full_read,all,2,0.0012540839961729944,2691514,,1,snappy,2026-09-23T18:56:56.957464+00:00,d9a4c43,,
parquet,fixed_array,synthetic,2000,256,float32,matrix_materialization,all,0,0.0016052499995566905,2691514,,1,snappy,2026-09-23T18:56:56.957464+00:00,d9a4c43,,
parquet,fixed_array,synthetic,2000,256,float32,matrix_materialization,all,1,0.001589749997947365,2691514,,1,snappy,2026-09-23T18:56:56.957464+00:00,d9a4c43,,
parquet,fixed_array,synthetic,2000,256,float32,matrix_materialization,all,2,0.0016926249954849482,2691514,,1,snappy,2026-09-23T18:56:56.957464+00:00,d9a4c43,,
parquet,fixed_array,synthetic,2000,256,float32,random_rows,128,0,0.001461291998566594,2691514,,1,snappy,2026-09-23T18:56:56.957464+00:00,d9a4c43,,
parquet,fixed_array,synthetic,2000,256,float32,random_rows,128,1,0.0014247090002754703,2691514,,1,snappy,2026-09-23T18:56:56.957464+00:00,d9a4c43,,
parquet,fixed_array,synthetic,2000,256,float32,random_rows,128,2,0.00136058300267905,2691514,,1,snappy,2026-09-23T18:56:56.957464+00:00,d9a4c43,,
parquet,fixed_array,synthetic,2000,256,float32,feature_projection,8,0,0.0016815830022096634,2691514,,1,snappy,2026-09-23T18:56:56.957464+00:00,d9a4c43,,
parquet,fixed_array,synthetic,2000,256,float32,feature_projection,8,1,0.001712957993731834,2691514,,1,snappy,2026-09-23T18:56:56.957464+00:00,d9a4c43,,
parquet,fixed_array,synthetic,2000,256,float32,feature_projection,8,2,0.001454999997804407,2691514,,1,snappy,2026-09-23T18:56:56.957464+00:00,d9a4c43,,
parquet,fixed_array,synthetic,2000,256,float32,vector_norm,l2,0,0.0014232079993234947,2691514,,1,snappy,2026-09-23T18:56:56.957464+00:00,d9a4c43,,
parquet,fixed_array,synthetic,2000,256,float32,vector_norm,l2,1,0.001582417004101444,2691514,,1,snappy,2026-09-23T18:56:56.957464+00:00,d9a4c43,,
parquet,fixed_array,synthetic,2000,256,float32,vector_norm,l2,2,0.001698540996585507,2691514,,1,snappy,2026-09-23T18:56:56.957464+00:00,d9a4c43,,
duckdb,wide,synthetic,2000,256,float32,write,all,0,0.06481445799727226,4730880,,1,duckdb_default,2026-09-23T18:56:56.957464+00:00,d9a4c43,30857.312732356273,7899472.059483206
duckdb,wide,synthetic,2000,256,float32,write,all,1,0.060714083003404085,4730880,,1,duckdb_default,2026-09-23T18:56:56.957464+00:00,d9a4c43,32941.28645388361,8432969.332194204
duckdb,wide,synthetic,2000,256,float32,write,all,2,0.05846324999583885,4730880,,1,duckdb_default,2026-09-23T18:56:56.957464+00:00,d9a4c43,34209.52478937368,8757638.346079662
duckdb,wide,synthetic,2000,256,float32,full_read,all,0,0.008629750002000947,4730880,,1,duckdb_default,2026-09-23T18:56:56.957464+00:00,d9a4c43,,
duckdb,wide,synthetic,2000,256,float32,full_read,all,1,0.008690709000802599,4730880,,1,duckdb_default,2026-09-23T18:56:56.957464+00:00,d9a4c43,,
duckdb,wide,synthetic,2000,256,float32,full_read,all,2,0.009113332998822443,4730880,,1,duckdb_default,2026-09-23T18:56:56.957464+00:00,d9a4c43,,
duckdb,wide,synthetic,2000,256,float32,matrix_materialization,all,0,0.008640416999696754,4730880,,1,duckdb_default,2026-09-23T18:56:56.957464+00:00,d9a4c43,,
duckdb,wide,synthetic,2000,256,float32,matrix_materialization,all,1,0.008616333005193155,4730880,,1,duckdb_default,2026-09-23T18:56:56.957464+00:00,d9a4c43,,
duckdb,wide,synthetic,2000,256,float32,matrix_materialization,all,2,0.009058332994754892,4730880,,1,duckdb_default,2026-09-23T18:56:56.957464+00:00,d9a4c43,,
duckdb,wide,synthetic,2000,256,float32,random_rows,128,0,0.009664999997767154,4730880,,1,duckdb_default,2026-09-23T18:56:56.957464+00:00,d9a4c43,,
duckdb,wide,synthetic,2000,256,float32,random_rows,128,1,0.00901908399828244,4730880,,1,duckdb_default,2026-09-23T18:56:56.957464+00:00,d9a4c43,,
duckdb,wide,synthetic,2000,256,float32,random_rows,128,2,0.00878716599981999,4730880,,1,duckdb_default,2026-09-23T18:56:56.957464+00:00,d9a4c43,,
duckdb,wide,synthetic,2000,256,float32,feature_projection,8,0,0.005544875006307848,4730880,,1,duckdb_default,2026-09-23T18:56:56.957464+00:00,d9a4c43,,
duckdb,wide,synthetic,2000,256,float32,feature_projection,8,1,0.0054678750020684674,4730880,,1,duckdb_default,2026-09-23T18:56:56.957464+00:00,d9a4c43,,
duckdb,wide,synthetic,2000,256,float32,feature_projection,8,2,0.005301166995195672,4730880,,1,duckdb_default,2026-09-23T18:56:56.957464+00:00,d9a4c43,,
duckdb,wide,synthetic,2000,256,float32,vector_norm,l2,0,0.008971833995019551,4730880,,1,duckdb_default,2026-09-23T18:56:56.957464+00:00,d9a4c43,,
duckdb,wide,synthetic,2000,256,float32,vector_norm,l2,1,0.008887709002010524,4730880,,1,duckdb_default,2026-09-23T18:56:56.957464+00:00,d9a4c43,,
duckdb,wide,synthetic,2000,256,float32,vector_norm,l2,2,0.008753791997150984,4730880,,1,duckdb_default,2026-09-23T18:56:56.957464+00:00,d9a4c43,,
duckdb,duckdb_array,synthetic,2000,256,float32,write,all,0,0.04976037500455277,4211202,,1,duckdb_default,2026-09-23T18:56:56.957464+00:00,d9a4c43,40192.62314275188,10289311.524544481
duckdb,duckdb_array,synthetic,2000,256,float32,write,all,1,0.05204624999896623,4211202,,1,duckdb_default,2026-09-23T18:56:56.957464+00:00,d9a4c43,38427.36028128299,9837404.232008446
duckdb,duckdb_array,synthetic,2000,256,float32,write,all,2,0.056020875003014226,4211202,,1,duckdb_default,2026-09-23T18:56:56.957464+00:00,d9a4c43,35700.97753547029,9139450.249080393
duckdb,duckdb_array,synthetic,2000,256,float32,full_read,all,0,0.0064094170011230744,4211202,,1,duckdb_default,2026-09-23T18:56:56.957464+00:00,d9a4c43,,
duckdb,duckdb_array,synthetic,2000,256,float32,full_read,all,1,0.007260457998199854,4211202,,1,duckdb_default,2026-09-23T18:56:56.957464+00:00,d9a4c43,,
duckdb,duckdb_array,synthetic,2000,256,float32,full_read,all,2,0.006755417001841124,4211202,,1,duckdb_default,2026-09-23T18:56:56.957464+00:00,d9a4c43,,
duckdb,duckdb_array,synthetic,2000,256,float32,matrix_materialization,all,0,0.00776633300120011,4211202,,1,duckdb_default,2026-09-23T18:56:56.957464+00:00,d9a4c43,,
duckdb,duckdb_array,synthetic,2000,256,float32,matrix_materialization,all,1,0.007757375002256595,4211202,,1,duckdb_default,2026-09-23T18:56:56.957464+00:00,d9a4c43,,
duckdb,duckdb_array,synthetic,2000,256,float32,matrix_materialization,all,2,0.007346541999140754,4211202,,1,duckdb_default,2026-09-23T18:56:56.957464+00:00,d9a4c43,,
duckdb,duckdb_array,synthetic,2000,256,float32,random_rows,128,0,0.0071164580003824085,4211202,,1,duckdb_default,2026-09-23T18:56:56.957464+00:00,d9a4c43,,
duckdb,duckdb_array,synthetic,2000,256,float32,random_rows,128,1,0.007076667003275361,4211202,,1,duckdb_default,2026-09-23T18:56:56.957464+00:00,d9a4c43,,
duckdb,duckdb_array,synthetic,2000,256,float32,random_rows,128,2,0.007145042000047397,4211202,,1,duckdb_default,2026-09-23T18:56:56.957464+00:00,d9a4c43,,
duckdb,duckdb_array,synthetic,2000,256,float32,feature_projection,8,0,0.004650459006370511,4211202,,1,duckdb_default,2026-09-23T18:56:56.957464+00:00,d9a4c43,,
duckdb,duckdb_array,synthetic,2000,256,float32,feature_projection,8,1,0.0047082500022952445,4211202,,1,duckdb_default,2026-09-23T18:56:56.957464+00:00,d9a4c43,,
duckdb,duckdb_array,synthetic,2000,256,float32,feature_projection,8,2,0.004715709001175128,4211202,,1,duckdb_default,2026-09-23T18:56:56.957464+00:00,d9a4c43,,
duckdb,duckdb_array,synthetic,2000,256,float32,vector_norm,l2,0,0.007181541004683822,4211202,,1,duckdb_default,2026-09-23T18:56:56.957464+00:00,d9a4c43,,
duckdb,duckdb_array,synthetic,2000,256,float32,vector_norm,l2,1,0.006952832998649683,4211202,,1,duckdb_default,2026-09-23T18:56:56.957464+00:00,d9a4c43,,
duckdb,duckdb_array,synthetic,2000,256,float32,vector_norm,l2,2,0.006931916999747045,4211202,,1,duckdb_default,2026-09-23T18:56:56.957464+00:00,d9a4c43,,
csv,wide,synthetic,2000,512,float32,write,all,0,0.30795716700231424,11235573,,1,none,2026-09-23T18:56:56.957464+00:00,d9a4c43,6494.409659200984,3325137.7455109037
csv,wide,synthetic,2000,512,float32,write,all,1,0.30818112500128336,11235573,,1,none,2026-09-23T18:56:56.957464+00:00,d9a4c43,6489.690113214011,3322721.3379655736
csv,wide,synthetic,2000,512,float32,write,all,2,0.3103976250058622,11235573,,1,none,2026-09-23T18:56:56.957464+00:00,d9a4c43,6443.348269698351,3298994.3140855557
csv,wide,synthetic,2000,512,float32,full_read,all,0,0.05298366599890869,11235573,,1,none,2026-09-23T18:56:56.957464+00:00,d9a4c43,,
csv,wide,synthetic,2000,512,float32,full_read,all,1,0.05421020799985854,11235573,,1,none,2026-09-23T18:56:56.957464+00:00,d9a4c43,,
csv,wide,synthetic,2000,512,float32,full_read,all,2,0.05221275000076275,11235573,,1,none,2026-09-23T18:56:56.957464+00:00,d9a4c43,,
csv,wide,synthetic,2000,512,float32,matrix_materialization,all,0,0.05275254199659685,11235573,,1,none,2026-09-23T18:56:56.957464+00:00,d9a4c43,,
csv,wide,synthetic,2000,512,float32,matrix_materialization,all,1,0.05155966700112913,11235573,,1,none,2026-09-23T18:56:56.957464+00:00,d9a4c43,,
csv,wide,synthetic,2000,512,float32,matrix_materialization,all,2,0.052225958002964035,11235573,,1,none,2026-09-23T18:56:56.957464+00:00,d9a4c43,,
csv,wide,synthetic,2000,512,float32,random_rows,128,0,0.052611125000112224,11235573,,1,none,2026-09-23T18:56:56.957464+00:00,d9a4c43,,
csv,wide,synthetic,2000,512,float32,random_rows,128,1,0.05217854199872818,11235573,,1,none,2026-09-23T18:56:56.957464+00:00,d9a4c43,,
csv,wide,synthetic,2000,512,float32,random_rows,128,2,0.05192887500015786,11235573,,1,none,2026-09-23T18:56:56.957464+00:00,d9a4c43,,
csv,wide,synthetic,2000,512,float32,feature_projection,8,0,0.02114116700249724,11235573,,1,none,2026-09-23T18:56:56.957464+00:00,d9a4c43,,
csv,wide,synthetic,2000,512,float32,feature_projection,8,1,0.020978832995751873,11235573,,1,none,2026-09-23T18:56:56.957464+00:00,d9a4c43,,
csv,wide,synthetic,2000,512,float32,feature_projection,8,2,0.020800124999368563,11235573,,1,none,2026-09-23T18:56:56.957464+00:00,d9a4c43,,
csv,wide,synthetic,2000,512,float32,vector_norm,l2,0,0.05180991599627305,11235573,,1,none,2026-09-23T18:56:56.957464+00:00,d9a4c43,,
csv,wide,synthetic,2000,512,float32,vector_norm,l2,1,0.05244041699916124,11235573,,1,none,2026-09-23T18:56:56.957464+00:00,d9a4c43,,
csv,wide,synthetic,2000,512,float32,vector_norm,l2,2,0.053283125002053566,11235573,,1,none,2026-09-23T18:56:56.957464+00:00,d9a4c43,,
csv,delimited_array,synthetic,2000,512,float32,write,all,0,0.5084099169980618,12519456,,1,none,2026-09-23T18:56:56.957464+00:00,d9a4c43,3933.8335723447826,2014122.7890405287
csv,delimited_array,synthetic,2000,512,float32,write,all,1,0.5091435000067577,12519456,,1,none,2026-09-23T18:56:56.957464+00:00,d9a4c43,3928.1656349800296,2011220.8051097752
csv,delimited_array,synthetic,2000,512,float32,write,all,2,0.5059229580001556,12519456,,1,none,2026-09-23T18:56:56.957464+00:00,d9a4c43,3953.171067598369,2024023.586610365
csv,delimited_array,synthetic,2000,512,float32,full_read,all,0,0.05671216700284276,12519456,,1,none,2026-09-23T18:56:56.957464+00:00,d9a4c43,,
csv,delimited_array,synthetic,2000,512,float32,full_read,all,1,0.06278933300200151,12519456,,1,none,2026-09-23T18:56:56.957464+00:00,d9a4c43,,
csv,delimited_array,synthetic,2000,512,float32,full_read,all,2,0.05511762499372708,12519456,,1,none,2026-09-23T18:56:56.957464+00:00,d9a4c43,,
csv,delimited_array,synthetic,2000,512,float32,matrix_materialization,all,0,0.10998483299772488,12519456,,1,none,2026-09-23T18:56:56.957464+00:00,d9a4c43,,
csv,delimited_array,synthetic,2000,512,float32,matrix_materialization,all,1,0.10448458299651975,12519456,,1,none,2026-09-23T18:56:56.957464+00:00,d9a4c43,,
csv,delimited_array,synthetic,2000,512,float32,matrix_materialization,all,2,0.10348995900130831,12519456,,1,none,2026-09-23T18:56:56.957464+00:00,d9a4c43,,
csv,delimited_array,synthetic,2000,512,float32,random_rows,128,0,0.10447608299728017,12519456,,1,none,2026-09-23T18:56:56.957464+00:00,d9a4c43,,
csv,delimited_array,synthetic,2000,512,float32,random_rows,128,1,0.10604099999909522,12519456,,1,none,2026-09-23T18:56:56.957464+00:00,d9a4c43,,
csv,delimited_array,synthetic,2000,512,float32,random_rows,128,2,0.1061051669967128,12519456,,1,none,2026-09-23T18:56:56.957464+00:00,d9a4c43,,
csv,delimited_array,synthetic,2000,512,float32,feature_projection,8,0,0.10207562499999767,12519456,,1,none,2026-09-23T18:56:56.957464+00:00,d9a4c43,,
csv,delimited_array,synthetic,2000,512,float32,feature_projection,8,1,0.10471904100268148,12519456,,1,none,2026-09-23T18:56:56.957464+00:00,d9a4c43,,
csv,delimited_array,synthetic,2000,512,float32,feature_projection,8,2,0.10270837500138441,12519456,,1,none,2026-09-23T18:56:56.957464+00:00,d9a4c43,,
csv,delimited_array,synthetic,2000,512,float32,vector_norm,l2,0,0.10159970799577422,12519456,,1,none,2026-09-23T18:56:56.957464+00:00,d9a4c43,,
csv,delimited_array,synthetic,2000,512,float32,vector_norm,l2,1,0.09979408399522072,12519456,,1,none,2026-09-23T18:56:56.957464+00:00,d9a4c43,,
csv,delimited_array,synthetic,2000,512,float32,vector_norm,l2,2,0.10482508299901383,12519456,,1,none,2026-09-23T18:56:56.957464+00:00,d9a4c43,,
csv,json_array,synthetic,2000,512,float32,write,all,0,0.4035734999997658,20176642,,1,none,2026-09-23T18:56:56.957464+00:00,d9a4c43,4955.72677591854,2537332.1092702923
csv,json_array,synthetic,2000,512,float32,write,all,1,0.42804474999866216,20176642,,1,none,2026-09-23T18:56:56.957464+00:00,d9a4c43,4672.408667566302,2392273.2377939466
csv,json_array,synthetic,2000,512,float32,write,all,2,0.4239801660005469,20176642,,1,none,2026-09-23T18:56:56.957464+00:00,d9a4c43,4717.201794759004,2415207.31891661
csv,json_array,synthetic,2000,512,float32,full_read,all,0,0.08957404200191377,20176642,,1,none,2026-09-23T18:56:56.957464+00:00,d9a4c43,,
csv,json_array,synthetic,2000,512,float32,full_read,all,1,0.0895486669978709,20176642,,1,none,2026-09-23T18:56:56.957464+00:00,d9a4c43,,
csv,json_array,synthetic,2000,512,float32,full_read,all,2,0.08529925000038929,20176642,,1,none,2026-09-23T18:56:56.957464+00:00,d9a4c43,,
csv,json_array,synthetic,2000,512,float32,matrix_materialization,all,0,0.22686008299933746,20176642,,1,none,2026-09-23T18:56:56.957464+00:00,d9a4c43,,
csv,json_array,synthetic,2000,512,float32,matrix_materialization,all,1,0.2367577499971958,20176642,,1,none,2026-09-23T18:56:56.957464+00:00,d9a4c43,,
csv,json_array,synthetic,2000,512,float32,matrix_materialization,all,2,0.22017137499642558,20176642,,1,none,2026-09-23T18:56:56.957464+00:00,d9a4c43,,
csv,json_array,synthetic,2000,512,float32,random_rows,128,0,0.2187715420004679,20176642,,1,none,2026-09-23T18:56:56.957464+00:00,d9a4c43,,
csv,json_array,synthetic,2000,512,float32,random_rows,128,1,0.21987379100028193,20176642,,1,none,2026-09-23T18:56:56.957464+00:00,d9a4c43,,
csv,json_array,synthetic,2000,512,float32,random_rows,128,2,0.22130466599628562,20176642,,1,none,2026-09-23T18:56:56.957464+00:00,d9a4c43,,
csv,json_array,synthetic,2000,512,float32,feature_projection,8,0,0.21969791700394126,20176642,,1,none,2026-09-23T18:56:56.957464+00:00,d9a4c43,,
csv,json_array,synthetic,2000,512,float32,feature_projection,8,1,0.21822504200099502,20176642,,1,none,2026-09-23T18:56:56.957464+00:00,d9a4c43,,
csv,json_array,synthetic,2000,512,float32,feature_projection,8,2,0.22060795799916377,20176642,,1,none,2026-09-23T18:56:56.957464+00:00,d9a4c43,,
csv,json_array,synthetic,2000,512,float32,vector_norm,l2,0,0.2230644579976797,20176642,,1,none,2026-09-23T18:56:56.957464+00:00,d9a4c43,,
csv,json_array,synthetic,2000,512,float32,vector_norm,l2,1,0.22181645900127478,20176642,,1,none,2026-09-23T18:56:56.957464+00:00,d9a4c43,,
csv,json_array,synthetic,2000,512,float32,vector_norm,l2,2,0.2235211250008433,20176642,,1,none,2026-09-23T18:56:56.957464+00:00,d9a4c43,,
vortex,wide,synthetic,2000,512,float32,write,all,0,0.1494075000009616,4237192,,1,none,2026-09-23T18:56:56.957464+00:00,d9a4c43,13386.208858237558,6853738.93541763
vortex,wide,synthetic,2000,512,float32,write,all,1,0.14858524999726797,4237192,,1,none,2026-09-23T18:56:56.957464+00:00,d9a4c43,13460.28626688567,6891666.568645463
vortex,wide,synthetic,2000,512,float32,write,all,2,0.14122812500136206,4237192,,1,none,2026-09-23T18:56:56.957464+00:00,d9a4c43,14161.485185622278,7250680.415038606
vortex,wide,synthetic,2000,512,float32,full_read,all,0,0.007032458997855429,4237192,,1,none,2026-09-23T18:56:56.957464+00:00,d9a4c43,,
vortex,wide,synthetic,2000,512,float32,full_read,all,1,0.010192874993663281,4237192,,1,none,2026-09-23T18:56:56.957464+00:00,d9a4c43,,
vortex,wide,synthetic,2000,512,float32,full_read,all,2,0.008073707998846658,4237192,,1,none,2026-09-23T18:56:56.957464+00:00,d9a4c43,,
vortex,wide,synthetic,2000,512,float32,matrix_materialization,all,0,0.009619000004022382,4237192,,1,none,2026-09-23T18:56:56.957464+00:00,d9a4c43,,
vortex,wide,synthetic,2000,512,float32,matrix_materialization,all,1,0.010025958996266127,4237192,,1,none,2026-09-23T18:56:56.957464+00:00,d9a4c43,,
vortex,wide,synthetic,2000,512,float32,matrix_materialization,all,2,0.009012290996906813,4237192,,1,none,2026-09-23T18:56:56.957464+00:00,d9a4c43,,
vortex,wide,synthetic,2000,512,float32,random_rows,128,0,0.010328291995392647,4237192,,1,none,2026-09-23T18:56:56.957464+00:00,d9a4c43,,
vortex,wide,synthetic,2000,512,float32,random_rows,128,1,0.009341833996586502,4237192,,1,none,2026-09-23T18:56:56.957464+00:00,d9a4c43,,
vortex,wide,synthetic,2000,512,float32,random_rows,128,2,0.009179375003441237,4237192,,1,none,2026-09-23T18:56:56.957464+00:00,d9a4c43,,
vortex,wide,synthetic,2000,512,float32,feature_projection,8,0,0.007295499999599997,4237192,,1,none,2026-09-23T18:56:56.957464+00:00,d9a4c43,,
vortex,wide,synthetic,2000,512,float32,feature_projection,8,1,0.007234999997308478,4237192,,1,none,2026-09-23T18:56:56.957464+00:00,d9a4c43,,
vortex,wide,synthetic,2000,512,float32,feature_projection,8,2,0.007601834004162811,4237192,,1,none,2026-09-23T18:56:56.957464+00:00,d9a4c43,,
vortex,wide,synthetic,2000,512,float32,vector_norm,l2,0,0.009295332994952332,4237192,,1,none,2026-09-23T18:56:56.957464+00:00,d9a4c43,,
vortex,wide,synthetic,2000,512,float32,vector_norm,l2,1,0.009026749998156447,4237192,,1,none,2026-09-23T18:56:56.957464+00:00,d9a4c43,,
vortex,wide,synthetic,2000,512,float32,vector_norm,l2,2,0.00925983299384825,4237192,,1,none,2026-09-23T18:56:56.957464+00:00,d9a4c43,,
vortex,fixed_array,synthetic,2000,512,float32,write,all,0,0.007540958002209663,3639838,,1,none,2026-09-23T18:56:56.957464+00:00,d9a4c43,265218.29181570257,135791765.40963972
vortex,fixed_array,synthetic,2000,512,float32,write,all,1,0.0067634579972946085,3639838,,1,none,2026-09-23T18:56:56.957464+00:00,d9a4c43,295706.72292191396,151401842.13601995
vortex,fixed_array,synthetic,2000,512,float32,write,all,2,0.005834083000081591,3639838,,1,none,2026-09-23T18:56:56.957464+00:00,d9a4c43,342813.08647340623,175520300.274384
vortex,fixed_array,synthetic,2000,512,float32,full_read,all,0,0.0005603749959846027,3639838,,1,none,2026-09-23T18:56:56.957464+00:00,d9a4c43,,
vortex,fixed_array,synthetic,2000,512,float32,full_read,all,1,0.0005656659996020608,3639838,,1,none,2026-09-23T18:56:56.957464+00:00,d9a4c43,,
vortex,fixed_array,synthetic,2000,512,float32,full_read,all,2,0.0005778750055469573,3639838,,1,none,2026-09-23T18:56:56.957464+00:00,d9a4c43,,
vortex,fixed_array,synthetic,2000,512,float32,matrix_materialization,all,0,0.0008272090053651482,3639838,,1,none,2026-09-23T18:56:56.957464+00:00,d9a4c43,,
vortex,fixed_array,synthetic,2000,512,float32,matrix_materialization,all,1,0.0008856249987729825,3639838,,1,none,2026-09-23T18:56:56.957464+00:00,d9a4c43,,
vortex,fixed_array,synthetic,2000,512,float32,matrix_materialization,all,2,0.0008948339964263141,3639838,,1,none,2026-09-23T18:56:56.957464+00:00,d9a4c43,,
vortex,fixed_array,synthetic,2000,512,float32,random_rows,128,0,0.0007606250001117587,3639838,,1,none,2026-09-23T18:56:56.957464+00:00,d9a4c43,,
vortex,fixed_array,synthetic,2000,512,float32,random_rows,128,1,0.0007389589954982512,3639838,,1,none,2026-09-23T18:56:56.957464+00:00,d9a4c43,,
vortex,fixed_array,synthetic,2000,512,float32,random_rows,128,2,0.000713250003173016,3639838,,1,none,2026-09-23T18:56:56.957464+00:00,d9a4c43,,
vortex,fixed_array,synthetic,2000,512,float32,feature_projection,8,0,0.0007691659993724898,3639838,,1,none,2026-09-23T18:56:56.957464+00:00,d9a4c43,,
vortex,fixed_array,synthetic,2000,512,float32,feature_projection,8,1,0.0007760000007692724,3639838,,1,none,2026-09-23T18:56:56.957464+00:00,d9a4c43,,
vortex,fixed_array,synthetic,2000,512,float32,feature_projection,8,2,0.000759291993745137,3639838,,1,none,2026-09-23T18:56:56.957464+00:00,d9a4c43,,
vortex,fixed_array,synthetic,2000,512,float32,vector_norm,l2,0,0.0008383339954889379,3639838,,1,none,2026-09-23T18:56:56.957464+00:00,d9a4c43,,
vortex,fixed_array,synthetic,2000,512,float32,vector_norm,l2,1,0.0009165840019704774,3639838,,1,none,2026-09-23T18:56:56.957464+00:00,d9a4c43,,
vortex,fixed_array,synthetic,2000,512,float32,vector_norm,l2,2,0.0008242500043706968,3639838,,1,none,2026-09-23T18:56:56.957464+00:00,d9a4c43,,
lance,wide,synthetic,2000,512,float32,write,all,0,0.02878712500387337,4493735,,1,lance_default,2026-09-23T18:56:56.957464+00:00,d9a4c43,69475.50336238494,35571457.72154109
lance,wide,synthetic,2000,512,float32,write,all,1,0.029887750002671964,4493735,,1,lance_default,2026-09-23T18:56:56.957464+00:00,d9a4c43,66917.04794844711,34261528.54960492
lance,wide,synthetic,2000,512,float32,write,all,2,0.027777750001405366,4493735,,1,lance_default,2026-09-23T18:56:56.957464+00:00,d9a4c43,72000.07199642928,36864036.86217179
lance,wide,synthetic,2000,512,float32,full_read,all,0,0.011966250000114087,4493735,,1,lance_default,2026-09-23T18:56:56.957464+00:00,d9a4c43,,
lance,wide,synthetic,2000,512,float32,full_read,all,1,0.012031042002490722,4493735,,1,lance_default,2026-09-23T18:56:56.957464+00:00,d9a4c43,,
lance,wide,synthetic,2000,512,float32,full_read,all,2,0.012620499997865409,4493735,,1,lance_default,2026-09-23T18:56:56.957464+00:00,d9a4c43,,
lance,wide,synthetic,2000,512,float32,matrix_materialization,all,0,0.059616541999275796,4493735,,1,lance_default,2026-09-23T18:56:56.957464+00:00,d9a4c43,,
lance,wide,synthetic,2000,512,float32,matrix_materialization,all,1,0.058527875000436325,4493735,,1,lance_default,2026-09-23T18:56:56.957464+00:00,d9a4c43,,
lance,wide,synthetic,2000,512,float32,matrix_materialization,all,2,0.06056229100067867,4493735,,1,lance_default,2026-09-23T18:56:56.957464+00:00,d9a4c43,,
lance,wide,synthetic,2000,512,float32,random_rows,128,0,0.060397666005883366,4493735,,1,lance_default,2026-09-23T18:56:56.957464+00:00,d9a4c43,,
lance,wide,synthetic,2000,512,float32,random_rows,128,1,0.05879066600027727,4493735,,1,lance_default,2026-09-23T18:56:56.957464+00:00,d9a4c43,,
lance,wide,synthetic,2000,512,float32,random_rows,128,2,0.0589596670033643,4493735,,1,lance_default,2026-09-23T18:56:56.957464+00:00,d9a4c43,,
lance,wide,synthetic,2000,512,float32,feature_projection,8,0,0.00338437499885913,4493735,,1,lance_default,2026-09-23T18:56:56.957464+00:00,d9a4c43,,
lance,wide,synthetic,2000,512,float32,feature_projection,8,1,0.0035389580007176846,4493735,,1,lance_default,2026-09-23T18:56:56.957464+00:00,d9a4c43,,
lance,wide,synthetic,2000,512,float32,feature_projection,8,2,0.0033664160000625998,4493735,,1,lance_default,2026-09-23T18:56:56.957464+00:00,d9a4c43,,
lance,wide,synthetic,2000,512,float32,vector_norm,l2,0,0.05789870799344499,4493735,,1,lance_default,2026-09-23T18:56:56.957464+00:00,d9a4c43,,
lance,wide,synthetic,2000,512,float32,vector_norm,l2,1,0.05785979200300062,4493735,,1,lance_default,2026-09-23T18:56:56.957464+00:00,d9a4c43,,
lance,wide,synthetic,2000,512,float32,vector_norm,l2,2,0.05826774999877671,4493735,,1,lance_default,2026-09-23T18:56:56.957464+00:00,d9a4c43,,
lance,fixed_array,synthetic,2000,512,float32,write,all,0,0.01087162499607075,4150744,,1,lance_default,2026-09-23T18:56:56.957464+00:00,d9a4c43,183965.13867272326,94190151.00043431
lance,fixed_array,synthetic,2000,512,float32,write,all,1,0.008441541998763569,4150744,,1,lance_default,2026-09-23T18:56:56.957464+00:00,d9a4c43,236923.53841193227,121304851.66690932
lance,fixed_array,synthetic,2000,512,float32,write,all,2,0.00821445800102083,4150744,,1,lance_default,2026-09-23T18:56:56.957464+00:00,d9a4c43,243473.15425454185,124658254.97832543
lance,fixed_array,synthetic,2000,512,float32,full_read,all,0,0.0013379589945543557,4150744,,1,lance_default,2026-09-23T18:56:56.957464+00:00,d9a4c43,,
lance,fixed_array,synthetic,2000,512,float32,full_read,all,1,0.001277082999877166,4150744,,1,lance_default,2026-09-23T18:56:56.957464+00:00,d9a4c43,,
lance,fixed_array,synthetic,2000,512,float32,full_read,all,2,0.0013046660023974255,4150744,,1,lance_default,2026-09-23T18:56:56.957464+00:00,d9a4c43,,
lance,fixed_array,synthetic,2000,512,float32,matrix_materialization,all,0,0.0017440000010537915,4150744,,1,lance_default,2026-09-23T18:56:56.957464+00:00,d9a4c43,,
lance,fixed_array,synthetic,2000,512,float32,matrix_materialization,all,1,0.00197741600277368,4150744,,1,lance_default,2026-09-23T18:56:56.957464+00:00,d9a4c43,,
lance,fixed_array,synthetic,2000,512,float32,matrix_materialization,all,2,0.0017813330050557852,4150744,,1,lance_default,2026-09-23T18:56:56.957464+00:00,d9a4c43,,
lance,fixed_array,synthetic,2000,512,float32,random_rows,128,0,0.0017499169989605434,4150744,,1,lance_default,2026-09-23T18:56:56.957464+00:00,d9a4c43,,
lance,fixed_array,synthetic,2000,512,float32,random_rows,128,1,0.0013411670006462373,4150744,,1,lance_default,2026-09-23T18:56:56.957464+00:00,d9a4c43,,
lance,fixed_array,synthetic,2000,512,float32,random_rows,128,2,0.0011803340021288022,4150744,,1,lance_default,2026-09-23T18:56:56.957464+00:00,d9a4c43,,
lance,fixed_array,synthetic,2000,512,float32,feature_projection,8,0,0.0013050420020590536,4150744,,1,lance_default,2026-09-23T18:56:56.957464+00:00,d9a4c43,,
lance,fixed_array,synthetic,2000,512,float32,feature_projection,8,1,0.0013765830008196644,4150744,,1,lance_default,2026-09-23T18:56:56.957464+00:00,d9a4c43,,
lance,fixed_array,synthetic,2000,512,float32,feature_projection,8,2,0.0012878339985036291,4150744,,1,lance_default,2026-09-23T18:56:56.957464+00:00,d9a4c43,,
lance,fixed_array,synthetic,2000,512,float32,vector_norm,l2,0,0.0015810419936315157,4150744,,1,lance_default,2026-09-23T18:56:56.957464+00:00,d9a4c43,,
lance,fixed_array,synthetic,2000,512,float32,vector_norm,l2,1,0.0013832499971613288,4150744,,1,lance_default,2026-09-23T18:56:56.957464+00:00,d9a4c43,,
lance,fixed_array,synthetic,2000,512,float32,vector_norm,l2,2,0.0013252080025267787,4150744,,1,lance_default,2026-09-23T18:56:56.957464+00:00,d9a4c43,,
parquet,wide,synthetic,2000,512,float32,write,all,0,0.04320233399630524,5817431,,1,snappy,2026-09-23T18:56:56.957464+00:00,d9a4c43,46293.795149378835,23702423.116481964
parquet,wide,synthetic,2000,512,float32,write,all,1,0.04350979200535221,5817431,,1,snappy,2026-09-23T18:56:56.957464+00:00,d9a4c43,45966.66423397236,23534932.08779385
parquet,wide,synthetic,2000,512,float32,write,all,2,0.043669375001627486,5817431,,1,snappy,2026-09-23T18:56:56.957464+00:00,d9a4c43,45798.68614848422,23448927.308023922
parquet,wide,synthetic,2000,512,float32,full_read,all,0,0.006052249998901971,5817431,,1,snappy,2026-09-23T18:56:56.957464+00:00,d9a4c43,,
parquet,wide,synthetic,2000,512,float32,full_read,all,1,0.006242332994588651,5817431,,1,snappy,2026-09-23T18:56:56.957464+00:00,d9a4c43,,
parquet,wide,synthetic,2000,512,float32,full_read,all,2,0.006346459005726501,5817431,,1,snappy,2026-09-23T18:56:56.957464+00:00,d9a4c43,,
parquet,wide,synthetic,2000,512,float32,matrix_materialization,all,0,0.009185666000121273,5817431,,1,snappy,2026-09-23T18:56:56.957464+00:00,d9a4c43,,
parquet,wide,synthetic,2000,512,float32,matrix_materialization,all,1,0.009201042004860938,5817431,,1,snappy,2026-09-23T18:56:56.957464+00:00,d9a4c43,,
parquet,wide,synthetic,2000,512,float32,matrix_materialization,all,2,0.009161125002719928,5817431,,1,snappy,2026-09-23T18:56:56.957464+00:00,d9a4c43,,
parquet,wide,synthetic,2000,512,float32,random_rows,128,0,0.009682916999736335,5817431,,1,snappy,2026-09-23T18:56:56.957464+00:00,d9a4c43,,
parquet,wide,synthetic,2000,512,float32,random_rows,128,1,0.009561250000842847,5817431,,1,snappy,2026-09-23T18:56:56.957464+00:00,d9a4c43,,
parquet,wide,synthetic,2000,512,float32,random_rows,128,2,0.009477375002461486,5817431,,1,snappy,2026-09-23T18:56:56.957464+00:00,d9a4c43,,
parquet,wide,synthetic,2000,512,float32,feature_projection,8,0,0.002819166998961009,5817431,,1,snappy,2026-09-23T18:56:56.957464+00:00,d9a4c43,,
parquet,wide,synthetic,2000,512,float32,feature_projection,8,1,0.002744707999227103,5817431,,1,snappy,2026-09-23T18:56:56.957464+00:00,d9a4c43,,
parquet,wide,synthetic,2000,512,float32,feature_projection,8,2,0.0031512080022366717,5817431,,1,snappy,2026-09-23T18:56:56.957464+00:00,d9a4c43,,
parquet,wide,synthetic,2000,512,float32,vector_norm,l2,0,0.009514790996036027,5817431,,1,snappy,2026-09-23T18:56:56.957464+00:00,d9a4c43,,
parquet,wide,synthetic,2000,512,float32,vector_norm,l2,1,0.009561749997374136,5817431,,1,snappy,2026-09-23T18:56:56.957464+00:00,d9a4c43,,
parquet,wide,synthetic,2000,512,float32,vector_norm,l2,2,0.009525417000986636,5817431,,1,snappy,2026-09-23T18:56:56.957464+00:00,d9a4c43,,
parquet,fixed_array,synthetic,2000,512,float32,write,all,0,0.014347625001391862,4744374,,1,snappy,2026-09-23T18:56:56.957464+00:00,d9a4c43,139395.89303497827,71370697.23390888
parquet,fixed_array,synthetic,2000,512,float32,write,all,1,0.014120500003627967,4744374,,1,snappy,2026-09-23T18:56:56.957464+00:00,d9a4c43,141638.04394222173,72518678.49841753
parquet,fixed_array,synthetic,2000,512,float32,write,all,2,0.017324958003882784,4744374,,1,snappy,2026-09-23T18:56:56.957464+00:00,d9a4c43,115440.39526974726,59105482.378110595
parquet,fixed_array,synthetic,2000,512,float32,full_read,all,0,0.0022471250049420632,4744374,,1,snappy,2026-09-23T18:56:56.957464+00:00,d9a4c43,,
parquet,fixed_array,synthetic,2000,512,float32,full_read,all,1,0.0022678340028505772,4744374,,1,snappy,2026-09-23T18:56:56.957464+00:00,d9a4c43,,
parquet,fixed_array,synthetic,2000,512,float32,full_read,all,2,0.0021621670020977035,4744374,,1,snappy,2026-09-23T18:56:56.957464+00:00,d9a4c43,,
parquet,fixed_array,synthetic,2000,512,float32,matrix_materialization,all,0,0.002647207998961676,4744374,,1,snappy,2026-09-23T18:56:56.957464+00:00,d9a4c43,,
parquet,fixed_array,synthetic,2000,512,float32,matrix_materialization,all,1,0.0027565829950617626,4744374,,1,snappy,2026-09-23T18:56:56.957464+00:00,d9a4c43,,
parquet,fixed_array,synthetic,2000,512,float32,matrix_materialization,all,2,0.0028392919994075783,4744374,,1,snappy,2026-09-23T18:56:56.957464+00:00,d9a4c43,,
parquet,fixed_array,synthetic,2000,512,float32,random_rows,128,0,0.002401499994448386,4744374,,1,snappy,2026-09-23T18:56:56.957464+00:00,d9a4c43,,
parquet,fixed_array,synthetic,2000,512,float32,random_rows,128,1,0.002446750004310161,4744374,,1,snappy,2026-09-23T18:56:56.957464+00:00,d9a4c43,,
parquet,fixed_array,synthetic,2000,512,float32,random_rows,128,2,0.0024837500022840686,4744374,,1,snappy,2026-09-23T18:56:56.957464+00:00,d9a4c43,,
parquet,fixed_array,synthetic,2000,512,float32,feature_projection,8,0,0.0026968339952873066,4744374,,1,snappy,2026-09-23T18:56:56.957464+00:00,d9a4c43,,
parquet,fixed_array,synthetic,2000,512,float32,feature_projection,8,1,0.0023937920050229877,4744374,,1,snappy,2026-09-23T18:56:56.957464+00:00,d9a4c43,,
parquet,fixed_array,synthetic,2000,512,float32,feature_projection,8,2,0.0023720419994788244,4744374,,1,snappy,2026-09-23T18:56:56.957464+00:00,d9a4c43,,
parquet,fixed_array,synthetic,2000,512,float32,vector_norm,l2,0,0.002669666995643638,4744374,,1,snappy,2026-09-23T18:56:56.957464+00:00,d9a4c43,,
parquet,fixed_array,synthetic,2000,512,float32,vector_norm,l2,1,0.002494458000001032,4744374,,1,snappy,2026-09-23T18:56:56.957464+00:00,d9a4c43,,
parquet,fixed_array,synthetic,2000,512,float32,vector_norm,l2,2,0.002605458998004906,4744374,,1,snappy,2026-09-23T18:56:56.957464+00:00,d9a4c43,,
duckdb,wide,synthetic,2000,512,float32,write,all,0,0.11384370799351018,8663040,,1,duckdb_default,2026-09-23T18:56:56.957464+00:00,d9a4c43,17567.94499450082,8994787.83718442
duckdb,wide,synthetic,2000,512,float32,write,all,1,0.1215439579973463,8663040,,1,duckdb_default,2026-09-23T18:56:56.957464+00:00,d9a4c43,16454.95204330656,8424935.446172958
duckdb,wide,synthetic,2000,512,float32,write,all,2,0.12102958299510647,8663040,,1,duckdb_default,2026-09-23T18:56:56.957464+00:00,d9a4c43,16524.885490854456,8460741.371317482
duckdb,wide,synthetic,2000,512,float32,full_read,all,0,0.014149082999210805,8663040,,1,duckdb_default,2026-09-23T18:56:56.957464+00:00,d9a4c43,,
duckdb,wide,synthetic,2000,512,float32,full_read,all,1,0.014234249996661674,8663040,,1,duckdb_default,2026-09-23T18:56:56.957464+00:00,d9a4c43,,
duckdb,wide,synthetic,2000,512,float32,full_read,all,2,0.013979290997667704,8663040,,1,duckdb_default,2026-09-23T18:56:56.957464+00:00,d9a4c43,,
duckdb,wide,synthetic,2000,512,float32,matrix_materialization,all,0,0.014063000002352055,8663040,,1,duckdb_default,2026-09-23T18:56:56.957464+00:00,d9a4c43,,
duckdb,wide,synthetic,2000,512,float32,matrix_materialization,all,1,0.014248125000449363,8663040,,1,duckdb_default,2026-09-23T18:56:56.957464+00:00,d9a4c43,,
duckdb,wide,synthetic,2000,512,float32,matrix_materialization,all,2,0.01400899999862304,8663040,,1,duckdb_default,2026-09-23T18:56:56.957464+00:00,d9a4c43,,
duckdb,wide,synthetic,2000,512,float32,random_rows,128,0,0.013278166996315122,8663040,,1,duckdb_default,2026-09-23T18:56:56.957464+00:00,d9a4c43,,
duckdb,wide,synthetic,2000,512,float32,random_rows,128,1,0.013494209000782575,8663040,,1,duckdb_default,2026-09-23T18:56:56.957464+00:00,d9a4c43,,
duckdb,wide,synthetic,2000,512,float32,random_rows,128,2,0.013472665996232536,8663040,,1,duckdb_default,2026-09-23T18:56:56.957464+00:00,d9a4c43,,
duckdb,wide,synthetic,2000,512,float32,feature_projection,8,0,0.006762625002011191,8663040,,1,duckdb_default,2026-09-23T18:56:56.957464+00:00,d9a4c43,,
duckdb,wide,synthetic,2000,512,float32,feature_projection,8,1,0.006850792000477668,8663040,,1,duckdb_default,2026-09-23T18:56:56.957464+00:00,d9a4c43,,
duckdb,wide,synthetic,2000,512,float32,feature_projection,8,2,0.006949624999833759,8663040,,1,duckdb_default,2026-09-23T18:56:56.957464+00:00,d9a4c43,,
duckdb,wide,synthetic,2000,512,float32,vector_norm,l2,0,0.013754874998994637,8663040,,1,duckdb_default,2026-09-23T18:56:56.957464+00:00,d9a4c43,,
duckdb,wide,synthetic,2000,512,float32,vector_norm,l2,1,0.013982832999317907,8663040,,1,duckdb_default,2026-09-23T18:56:56.957464+00:00,d9a4c43,,
duckdb,wide,synthetic,2000,512,float32,vector_norm,l2,2,0.01379179200012004,8663040,,1,duckdb_default,2026-09-23T18:56:56.957464+00:00,d9a4c43,,
duckdb,duckdb_array,synthetic,2000,512,float32,write,all,0,0.10433158300293144,7885826,,1,duckdb_default,2026-09-23T18:56:56.957464+00:00,d9a4c43,19169.650669862887,9814861.142969798
duckdb,duckdb_array,synthetic,2000,512,float32,write,all,1,0.1191007920060656,7885826,,1,duckdb_default,2026-09-23T18:56:56.957464+00:00,d9a4c43,16792.49958218702,8597759.786079755
duckdb,duckdb_array,synthetic,2000,512,float32,write,all,2,0.09517641699494561,7885826,,1,duckdb_default,2026-09-23T18:56:56.957464+00:00,d9a4c43,21013.608866009432,10758967.73939683
duckdb,duckdb_array,synthetic,2000,512,float32,full_read,all,0,0.007927957994979806,7885826,,1,duckdb_default,2026-09-23T18:56:56.957464+00:00,d9a4c43,,
duckdb,duckdb_array,synthetic,2000,512,float32,full_read,all,1,0.008890334000170697,7885826,,1,duckdb_default,2026-09-23T18:56:56.957464+00:00,d9a4c43,,
duckdb,duckdb_array,synthetic,2000,512,float32,full_read,all,2,0.008693541996763088,7885826,,1,duckdb_default,2026-09-23T18:56:56.957464+00:00,d9a4c43,,
duckdb,duckdb_array,synthetic,2000,512,float32,matrix_materialization,all,0,0.022623041993938386,7885826,,1,duckdb_default,2026-09-23T18:56:56.957464+00:00,d9a4c43,,
duckdb,duckdb_array,synthetic,2000,512,float32,matrix_materialization,all,1,0.01203275000443682,7885826,,1,duckdb_default,2026-09-23T18:56:56.957464+00:00,d9a4c43,,
duckdb,duckdb_array,synthetic,2000,512,float32,matrix_materialization,all,2,0.00983608300157357,7885826,,1,duckdb_default,2026-09-23T18:56:56.957464+00:00,d9a4c43,,
duckdb,duckdb_array,synthetic,2000,512,float32,random_rows,128,0,0.009350041000288911,7885826,,1,duckdb_default,2026-09-23T18:56:56.957464+00:00,d9a4c43,,
duckdb,duckdb_array,synthetic,2000,512,float32,random_rows,128,1,0.009341874996607658,7885826,,1,duckdb_default,2026-09-23T18:56:56.957464+00:00,d9a4c43,,
duckdb,duckdb_array,synthetic,2000,512,float32,random_rows,128,2,0.009072832996025681,7885826,,1,duckdb_default,2026-09-23T18:56:56.957464+00:00,d9a4c43,,
duckdb,duckdb_array,synthetic,2000,512,float32,feature_projection,8,0,0.005868874999578111,7885826,,1,duckdb_default,2026-09-23T18:56:56.957464+00:00,d9a4c43,,
duckdb,duckdb_array,synthetic,2000,512,float32,feature_projection,8,1,0.005699749999621417,7885826,,1,duckdb_default,2026-09-23T18:56:56.957464+00:00,d9a4c43,,
duckdb,duckdb_array,synthetic,2000,512,float32,feature_projection,8,2,0.005815042000904214,7885826,,1,duckdb_default,2026-09-23T18:56:56.957464+00:00,d9a4c43,,
duckdb,duckdb_array,synthetic,2000,512,float32,vector_norm,l2,0,0.009121540999331046,7885826,,1,duckdb_default,2026-09-23T18:56:56.957464+00:00,d9a4c43,,
duckdb,duckdb_array,synthetic,2000,512,float32,vector_norm,l2,1,0.009034707996761426,7885826,,1,duckdb_default,2026-09-23T18:56:56.957464+00:00,d9a4c43,,
duckdb,duckdb_array,synthetic,2000,512,float32,vector_norm,l2,2,0.009208666997437831,7885826,,1,duckdb_default,2026-09-23T18:56:56.957464+00:00,d9a4c43,,
csv,wide,synthetic,2000,1024,float32,write,all,0,0.6367061250057304,22411293,,1,none,2026-09-23T18:56:56.957464+00:00,d9a4c43,3141.166578194924,3216554.5760716023
csv,wide,synthetic,2000,1024,float32,write,all,1,0.6199905419998686,22411293,,1,none,2026-09-23T18:56:56.957464+00:00,d9a4c43,3225.8556615214043,3303276.197397918
csv,wide,synthetic,2000,1024,float32,write,all,2,0.668284166000376,22411293,,1,none,2026-09-23T18:56:56.957464+00:00,d9a4c43,2992.7388703069687,3064564.603194336
csv,wide,synthetic,2000,1024,float32,full_read,all,0,0.10279287500452483,22411293,,1,none,2026-09-23T18:56:56.957464+00:00,d9a4c43,,
csv,wide,synthetic,2000,1024,float32,full_read,all,1,0.11485091599752195,22411293,,1,none,2026-09-23T18:56:56.957464+00:00,d9a4c43,,
csv,wide,synthetic,2000,1024,float32,full_read,all,2,0.11414399999921443,22411293,,1,none,2026-09-23T18:56:56.957464+00:00,d9a4c43,,
csv,wide,synthetic,2000,1024,float32,matrix_materialization,all,0,0.1053105829996639,22411293,,1,none,2026-09-23T18:56:56.957464+00:00,d9a4c43,,
csv,wide,synthetic,2000,1024,float32,matrix_materialization,all,1,0.10360970900364919,22411293,,1,none,2026-09-23T18:56:56.957464+00:00,d9a4c43,,
csv,wide,synthetic,2000,1024,float32,matrix_materialization,all,2,0.1043423340015579,22411293,,1,none,2026-09-23T18:56:56.957464+00:00,d9a4c43,,
csv,wide,synthetic,2000,1024,float32,random_rows,128,0,0.10462245799863013,22411293,,1,none,2026-09-23T18:56:56.957464+00:00,d9a4c43,,
csv,wide,synthetic,2000,1024,float32,random_rows,128,1,0.10285445900080958,22411293,,1,none,2026-09-23T18:56:56.957464+00:00,d9a4c43,,
csv,wide,synthetic,2000,1024,float32,random_rows,128,2,0.1039687909942586,22411293,,1,none,2026-09-23T18:56:56.957464+00:00,d9a4c43,,
csv,wide,synthetic,2000,1024,float32,feature_projection,8,0,0.043316874995070975,22411293,,1,none,2026-09-23T18:56:56.957464+00:00,d9a4c43,,
csv,wide,synthetic,2000,1024,float32,feature_projection,8,1,0.04328145800536731,22411293,,1,none,2026-09-23T18:56:56.957464+00:00,d9a4c43,,
csv,wide,synthetic,2000,1024,float32,feature_projection,8,2,0.04197329199814703,22411293,,1,none,2026-09-23T18:56:56.957464+00:00,d9a4c43,,
csv,wide,synthetic,2000,1024,float32,vector_norm,l2,0,0.10362066699599382,22411293,,1,none,2026-09-23T18:56:56.957464+00:00,d9a4c43,,
csv,wide,synthetic,2000,1024,float32,vector_norm,l2,1,0.10340362499846378,22411293,,1,none,2026-09-23T18:56:56.957464+00:00,d9a4c43,,
csv,wide,synthetic,2000,1024,float32,vector_norm,l2,2,0.10399516599864,22411293,,1,none,2026-09-23T18:56:56.957464+00:00,d9a4c43,,
csv,delimited_array,synthetic,2000,1024,float32,write,all,0,1.0166758749983273,24980262,,1,none,2026-09-23T18:56:56.957464+00:00,d9a4c43,1967.1952971277994,2014407.9842588666
csv,delimited_array,synthetic,2000,1024,float32,write,all,1,1.0734397499982151,24980262,,1,none,2026-09-23T18:56:56.957464+00:00,d9a4c43,1863.1693115550504,1907885.3750323716
csv,delimited_array,synthetic,2000,1024,float32,write,all,2,1.0417322080029408,24980262,,1,none,2026-09-23T18:56:56.957464+00:00,d9a4c43,1919.8792018095635,1965956.302652993
csv,delimited_array,synthetic,2000,1024,float32,full_read,all,0,0.11212316699675284,24980262,,1,none,2026-09-23T18:56:56.957464+00:00,d9a4c43,,
csv,delimited_array,synthetic,2000,1024,float32,full_read,all,1,0.1179709170028218,24980262,,1,none,2026-09-23T18:56:56.957464+00:00,d9a4c43,,
csv,delimited_array,synthetic,2000,1024,float32,full_read,all,2,0.11107812500267755,24980262,,1,none,2026-09-23T18:56:56.957464+00:00,d9a4c43,,
csv,delimited_array,synthetic,2000,1024,float32,matrix_materialization,all,0,0.20346766700095031,24980262,,1,none,2026-09-23T18:56:56.957464+00:00,d9a4c43,,
csv,delimited_array,synthetic,2000,1024,float32,matrix_materialization,all,1,0.2017796250001993,24980262,,1,none,2026-09-23T18:56:56.957464+00:00,d9a4c43,,
csv,delimited_array,synthetic,2000,1024,float32,matrix_materialization,all,2,0.20313487500243355,24980262,,1,none,2026-09-23T18:56:56.957464+00:00,d9a4c43,,
csv,delimited_array,synthetic,2000,1024,float32,random_rows,128,0,0.2069592499974533,24980262,,1,none,2026-09-23T18:56:56.957464+00:00,d9a4c43,,
csv,delimited_array,synthetic,2000,1024,float32,random_rows,128,1,0.2045429999998305,24980262,,1,none,2026-09-23T18:56:56.957464+00:00,d9a4c43,,
csv,delimited_array,synthetic,2000,1024,float32,random_rows,128,2,0.20159637500182725,24980262,,1,none,2026-09-23T18:56:56.957464+00:00,d9a4c43,,
csv,delimited_array,synthetic,2000,1024,float32,feature_projection,8,0,0.2028580000041984,24980262,,1,none,2026-09-23T18:56:56.957464+00:00,d9a4c43,,
csv,delimited_array,synthetic,2000,1024,float32,feature_projection,8,1,0.202451666998968,24980262,,1,none,2026-09-23T18:56:56.957464+00:00,d9a4c43,,
csv,delimited_array,synthetic,2000,1024,float32,feature_projection,8,2,0.20239029100048356,24980262,,1,none,2026-09-23T18:56:56.957464+00:00,d9a4c43,,
csv,delimited_array,synthetic,2000,1024,float32,vector_norm,l2,0,0.20611574999929871,24980262,,1,none,2026-09-23T18:56:56.957464+00:00,d9a4c43,,
csv,delimited_array,synthetic,2000,1024,float32,vector_norm,l2,1,0.20625358399411198,24980262,,1,none,2026-09-23T18:56:56.957464+00:00,d9a4c43,,
csv,delimited_array,synthetic,2000,1024,float32,vector_norm,l2,2,0.21006900000065798,24980262,,1,none,2026-09-23T18:56:56.957464+00:00,d9a4c43,,
csv,json_array,synthetic,2000,1024,float32,write,all,0,0.8071599999966566,40286867,,1,none,2026-09-23T18:56:56.957464+00:00,d9a4c43,2477.823479865559,2537291.2433823324
csv,json_array,synthetic,2000,1024,float32,write,all,1,0.8120548749939189,40286867,,1,none,2026-09-23T18:56:56.957464+00:00,d9a4c43,2462.887745135422,2521997.051018672
csv,json_array,synthetic,2000,1024,float32,write,all,2,0.8082517919974634,40286867,,1,none,2026-09-23T18:56:56.957464+00:00,d9a4c43,2474.4764191086097,2533863.8531672163
csv,json_array,synthetic,2000,1024,float32,full_read,all,0,0.1672938330011675,40286867,,1,none,2026-09-23T18:56:56.957464+00:00,d9a4c43,,
csv,json_array,synthetic,2000,1024,float32,full_read,all,1,0.17461533399909968,40286867,,1,none,2026-09-23T18:56:56.957464+00:00,d9a4c43,,
csv,json_array,synthetic,2000,1024,float32,full_read,all,2,0.18456145800155355,40286867,,1,none,2026-09-23T18:56:56.957464+00:00,d9a4c43,,
csv,json_array,synthetic,2000,1024,float32,matrix_materialization,all,0,0.4645470000032219,40286867,,1,none,2026-09-23T18:56:56.957464+00:00,d9a4c43,,
csv,json_array,synthetic,2000,1024,float32,matrix_materialization,all,1,0.45556637499976205,40286867,,1,none,2026-09-23T18:56:56.957464+00:00,d9a4c43,,
csv,json_array,synthetic,2000,1024,float32,matrix_materialization,all,2,0.4412323340002331,40286867,,1,none,2026-09-23T18:56:56.957464+00:00,d9a4c43,,
csv,json_array,synthetic,2000,1024,float32,random_rows,128,0,0.43910895899898605,40286867,,1,none,2026-09-23T18:56:56.957464+00:00,d9a4c43,,
csv,json_array,synthetic,2000,1024,float32,random_rows,128,1,0.4457466250023572,40286867,,1,none,2026-09-23T18:56:56.957464+00:00,d9a4c43,,
csv,json_array,synthetic,2000,1024,float32,random_rows,128,2,0.46137383300083457,40286867,,1,none,2026-09-23T18:56:56.957464+00:00,d9a4c43,,
csv,json_array,synthetic,2000,1024,float32,feature_projection,8,0,0.4641853749999427,40286867,,1,none,2026-09-23T18:56:56.957464+00:00,d9a4c43,,
csv,json_array,synthetic,2000,1024,float32,feature_projection,8,1,0.44131300000299234,40286867,,1,none,2026-09-23T18:56:56.957464+00:00,d9a4c43,,
csv,json_array,synthetic,2000,1024,float32,feature_projection,8,2,0.4619572080046055,40286867,,1,none,2026-09-23T18:56:56.957464+00:00,d9a4c43,,
csv,json_array,synthetic,2000,1024,float32,vector_norm,l2,0,0.44314679200033424,40286867,,1,none,2026-09-23T18:56:56.957464+00:00,d9a4c43,,
csv,json_array,synthetic,2000,1024,float32,vector_norm,l2,1,0.4428306670015445,40286867,,1,none,2026-09-23T18:56:56.957464+00:00,d9a4c43,,
csv,json_array,synthetic,2000,1024,float32,vector_norm,l2,2,0.439773583006172,40286867,,1,none,2026-09-23T18:56:56.957464+00:00,d9a4c43,,
vortex,wide,synthetic,2000,1024,float32,write,all,0,0.3953838750021532,8454144,,1,none,2026-09-23T18:56:56.957464+00:00,d9a4c43,5058.375230879378,5179776.236420483
vortex,wide,synthetic,2000,1024,float32,write,all,1,0.334573708998505,8454144,,1,none,2026-09-23T18:56:56.957464+00:00,d9a4c43,5977.756010735849,6121222.154993509
vortex,wide,synthetic,2000,1024,float32,write,all,2,0.34870612500526477,8454144,,1,none,2026-09-23T18:56:56.957464+00:00,d9a4c43,5735.488586470352,5873140.31254564
vortex,wide,synthetic,2000,1024,float32,full_read,all,0,0.016478917001222726,8454144,,1,none,2026-09-23T18:56:56.957464+00:00,d9a4c43,,
vortex,wide,synthetic,2000,1024,float32,full_read,all,1,0.015443041003891267,8454144,,1,none,2026-09-23T18:56:56.957464+00:00,d9a4c43,,
vortex,wide,synthetic,2000,1024,float32,full_read,all,2,0.018893957996624522,8454144,,1,none,2026-09-23T18:56:56.957464+00:00,d9a4c43,,
vortex,wide,synthetic,2000,1024,float32,matrix_materialization,all,0,0.02084024999930989,8454144,,1,none,2026-09-23T18:56:56.957464+00:00,d9a4c43,,
vortex,wide,synthetic,2000,1024,float32,matrix_materialization,all,1,0.021750791995145846,8454144,,1,none,2026-09-23T18:56:56.957464+00:00,d9a4c43,,
vortex,wide,synthetic,2000,1024,float32,matrix_materialization,all,2,0.020179667000775225,8454144,,1,none,2026-09-23T18:56:56.957464+00:00,d9a4c43,,
vortex,wide,synthetic,2000,1024,float32,random_rows,128,0,0.020732584001962095,8454144,,1,none,2026-09-23T18:56:56.957464+00:00,d9a4c43,,
vortex,wide,synthetic,2000,1024,float32,random_rows,128,1,0.020742583001265302,8454144,,1,none,2026-09-23T18:56:56.957464+00:00,d9a4c43,,
vortex,wide,synthetic,2000,1024,float32,random_rows,128,2,0.020757708000019193,8454144,,1,none,2026-09-23T18:56:56.957464+00:00,d9a4c43,,
vortex,wide,synthetic,2000,1024,float32,feature_projection,8,0,0.015848333001486026,8454144,,1,none,2026-09-23T18:56:56.957464+00:00,d9a4c43,,
vortex,wide,synthetic,2000,1024,float32,feature_projection,8,1,0.01616637500410434,8454144,,1,none,2026-09-23T18:56:56.957464+00:00,d9a4c43,,
vortex,wide,synthetic,2000,1024,float32,feature_projection,8,2,0.015586249995976686,8454144,,1,none,2026-09-23T18:56:56.957464+00:00,d9a4c43,,
vortex,wide,synthetic,2000,1024,float32,vector_norm,l2,0,0.01983625000139,8454144,,1,none,2026-09-23T18:56:56.957464+00:00,d9a4c43,,
vortex,wide,synthetic,2000,1024,float32,vector_norm,l2,1,0.023528500001702923,8454144,,1,none,2026-09-23T18:56:56.957464+00:00,d9a4c43,,
vortex,wide,synthetic,2000,1024,float32,vector_norm,l2,2,0.0267354579991661,8454144,,1,none,2026-09-23T18:56:56.957464+00:00,d9a4c43,,
vortex,fixed_array,synthetic,2000,1024,float32,write,all,0,0.01369824999710545,7259710,,1,none,2026-09-23T18:56:56.957464+00:00,d9a4c43,146004.05164328407,149508148.88272288
vortex,fixed_array,synthetic,2000,1024,float32,write,all,1,0.012784790997102391,7259710,,1,none,2026-09-23T18:56:56.957464+00:00,d9a4c43,156435.8776340802,160190338.69729814
vortex,fixed_array,synthetic,2000,1024,float32,write,all,2,0.011411874998884741,7259710,,1,none,2026-09-23T18:56:56.957464+00:00,d9a4c43,175256.0381353157,179462183.05056328
vortex,fixed_array,synthetic,2000,1024,float32,full_read,all,0,0.0007439170003635809,7259710,,1,none,2026-09-23T18:56:56.957464+00:00,d9a4c43,,
vortex,fixed_array,synthetic,2000,1024,float32,full_read,all,1,0.0007747499985271133,7259710,,1,none,2026-09-23T18:56:56.957464+00:00,d9a4c43,,
vortex,fixed_array,synthetic,2000,1024,float32,full_read,all,2,0.0007182920016930439,7259710,,1,none,2026-09-23T18:56:56.957464+00:00,d9a4c43,,
vortex,fixed_array,synthetic,2000,1024,float32,matrix_materialization,all,0,0.0012354580030660145,7259710,,1,none,2026-09-23T18:56:56.957464+00:00,d9a4c43,,
vortex,fixed_array,synthetic,2000,1024,float32,matrix_materialization,all,1,0.00144779199763434,7259710,,1,none,2026-09-23T18:56:56.957464+00:00,d9a4c43,,
vortex,fixed_array,synthetic,2000,1024,float32,matrix_materialization,all,2,0.0030857500023557805,7259710,,1,none,2026-09-23T18:56:56.957464+00:00,d9a4c43,,
vortex,fixed_array,synthetic,2000,1024,float32,random_rows,128,0,0.0010424169959151186,7259710,,1,none,2026-09-23T18:56:56.957464+00:00,d9a4c43,,
vortex,fixed_array,synthetic,2000,1024,float32,random_rows,128,1,0.0010012920029112138,7259710,,1,none,2026-09-23T18:56:56.957464+00:00,d9a4c43,,
vortex,fixed_array,synthetic,2000,1024,float32,random_rows,128,2,0.0011802090011769906,7259710,,1,none,2026-09-23T18:56:56.957464+00:00,d9a4c43,,
vortex,fixed_array,synthetic,2000,1024,float32,feature_projection,8,0,0.001013916997180786,7259710,,1,none,2026-09-23T18:56:56.957464+00:00,d9a4c43,,
vortex,fixed_array,synthetic,2000,1024,float32,feature_projection,8,1,0.0011709160025930032,7259710,,1,none,2026-09-23T18:56:56.957464+00:00,d9a4c43,,
vortex,fixed_array,synthetic,2000,1024,float32,feature_projection,8,2,0.0011172919985256158,7259710,,1,none,2026-09-23T18:56:56.957464+00:00,d9a4c43,,
vortex,fixed_array,synthetic,2000,1024,float32,vector_norm,l2,0,0.0015845000016270205,7259710,,1,none,2026-09-23T18:56:56.957464+00:00,d9a4c43,,
vortex,fixed_array,synthetic,2000,1024,float32,vector_norm,l2,1,0.0017115840018959716,7259710,,1,none,2026-09-23T18:56:56.957464+00:00,d9a4c43,,
vortex,fixed_array,synthetic,2000,1024,float32,vector_norm,l2,2,0.0017746660014381632,7259710,,1,none,2026-09-23T18:56:56.957464+00:00,d9a4c43,,
lance,wide,synthetic,2000,1024,float32,write,all,0,0.06240554200485349,8943015,,1,lance_default,2026-09-23T18:56:56.957464+00:00,d9a4c43,32048.435695734417,32817598.152432043
lance,wide,synthetic,2000,1024,float32,write,all,1,0.04768950000288896,8943015,,1,lance_default,2026-09-23T18:56:56.957464+00:00,d9a4c43,41937.95279629358,42944463.66340463
lance,wide,synthetic,2000,1024,float32,write,all,2,0.06637195799703477,8943015,,1,lance_default,2026-09-23T18:56:56.957464+00:00,d9a4c43,30133.207763576178,30856404.749902006
lance,wide,synthetic,2000,1024,float32,full_read,all,0,0.028135166998254135,8943015,,1,lance_default,2026-09-23T18:56:56.957464+00:00,d9a4c43,,
lance,wide,synthetic,2000,1024,float32,full_read,all,1,0.02719249999790918,8943015,,1,lance_default,2026-09-23T18:56:56.957464+00:00,d9a4c43,,
lance,wide,synthetic,2000,1024,float32,full_read,all,2,0.02661170899955323,8943015,,1,lance_default,2026-09-23T18:56:56.957464+00:00,d9a4c43,,
lance,wide,synthetic,2000,1024,float32,matrix_materialization,all,0,0.20387516699702246,8943015,,1,lance_default,2026-09-23T18:56:56.957464+00:00,d9a4c43,,
lance,wide,synthetic,2000,1024,float32,matrix_materialization,all,1,0.20406675000413088,8943015,,1,lance_default,2026-09-23T18:56:56.957464+00:00,d9a4c43,,
lance,wide,synthetic,2000,1024,float32,matrix_materialization,all,2,0.20151649999752408,8943015,,1,lance_default,2026-09-23T18:56:56.957464+00:00,d9a4c43,,
lance,wide,synthetic,2000,1024,float32,random_rows,128,0,0.20404462499573128,8943015,,1,lance_default,2026-09-23T18:56:56.957464+00:00,d9a4c43,,
lance,wide,synthetic,2000,1024,float32,random_rows,128,1,0.19942512499983422,8943015,,1,lance_default,2026-09-23T18:56:56.957464+00:00,d9a4c43,,
lance,wide,synthetic,2000,1024,float32,random_rows,128,2,0.19820362500468036,8943015,,1,lance_default,2026-09-23T18:56:56.957464+00:00,d9a4c43,,
lance,wide,synthetic,2000,1024,float32,feature_projection,8,0,0.006248749996302649,8943015,,1,lance_default,2026-09-23T18:56:56.957464+00:00,d9a4c43,,
lance,wide,synthetic,2000,1024,float32,feature_projection,8,1,0.00601283299329225,8943015,,1,lance_default,2026-09-23T18:56:56.957464+00:00,d9a4c43,,
lance,wide,synthetic,2000,1024,float32,feature_projection,8,2,0.005972625003778376,8943015,,1,lance_default,2026-09-23T18:56:56.957464+00:00,d9a4c43,,
lance,wide,synthetic,2000,1024,float32,vector_norm,l2,0,0.20104587500100024,8943015,,1,lance_default,2026-09-23T18:56:56.957464+00:00,d9a4c43,,
lance,wide,synthetic,2000,1024,float32,vector_norm,l2,1,0.19991641600063303,8943015,,1,lance_default,2026-09-23T18:56:56.957464+00:00,d9a4c43,,
lance,wide,synthetic,2000,1024,float32,vector_norm,l2,2,0.2009611660032533,8943015,,1,lance_default,2026-09-23T18:56:56.957464+00:00,d9a4c43,,
lance,fixed_array,synthetic,2000,1024,float32,write,all,0,0.009440540998184588,8255964,,1,lance_default,2026-09-23T18:56:56.957464+00:00,d9a4c43,211852.26571068322,216936720.08773962
lance,fixed_array,synthetic,2000,1024,float32,write,all,1,0.013787791998765897,8255964,,1,lance_default,2026-09-23T18:56:56.957464+00:00,d9a4c43,145055.85812282443,148537198.71777222
lance,fixed_array,synthetic,2000,1024,float32,write,all,2,0.008848500001477078,8255964,,1,lance_default,2026-09-23T18:56:56.957464+00:00,d9a4c43,226027.0101899916,231451658.4345514
lance,fixed_array,synthetic,2000,1024,float32,full_read,all,0,0.0019075000018347055,8255964,,1,lance_default,2026-09-23T18:56:56.957464+00:00,d9a4c43,,
lance,fixed_array,synthetic,2000,1024,float32,full_read,all,1,0.0016240410041064024,8255964,,1,lance_default,2026-09-23T18:56:56.957464+00:00,d9a4c43,,
lance,fixed_array,synthetic,2000,1024,float32,full_read,all,2,0.0016699160041753203,8255964,,1,lance_default,2026-09-23T18:56:56.957464+00:00,d9a4c43,,
lance,fixed_array,synthetic,2000,1024,float32,matrix_materialization,all,0,0.002590582997072488,8255964,,1,lance_default,2026-09-23T18:56:56.957464+00:00,d9a4c43,,
lance,fixed_array,synthetic,2000,1024,float32,matrix_materialization,all,1,0.0027294579995214008,8255964,,1,lance_default,2026-09-23T18:56:56.957464+00:00,d9a4c43,,
lance,fixed_array,synthetic,2000,1024,float32,matrix_materialization,all,2,0.002672292001079768,8255964,,1,lance_default,2026-09-23T18:56:56.957464+00:00,d9a4c43,,
lance,fixed_array,synthetic,2000,1024,float32,random_rows,128,0,0.001960749999852851,8255964,,1,lance_default,2026-09-23T18:56:56.957464+00:00,d9a4c43,,
lance,fixed_array,synthetic,2000,1024,float32,random_rows,128,1,0.0019844159978674725,8255964,,1,lance_default,2026-09-23T18:56:56.957464+00:00,d9a4c43,,
lance,fixed_array,synthetic,2000,1024,float32,random_rows,128,2,0.002010541000345256,8255964,,1,lance_default,2026-09-23T18:56:56.957464+00:00,d9a4c43,,
lance,fixed_array,synthetic,2000,1024,float32,feature_projection,8,0,0.0017908750014612451,8255964,,1,lance_default,2026-09-23T18:56:56.957464+00:00,d9a4c43,,
lance,fixed_array,synthetic,2000,1024,float32,feature_projection,8,1,0.0017939589961315505,8255964,,1,lance_default,2026-09-23T18:56:56.957464+00:00,d9a4c43,,
lance,fixed_array,synthetic,2000,1024,float32,feature_projection,8,2,0.0018159999963245355,8255964,,1,lance_default,2026-09-23T18:56:56.957464+00:00,d9a4c43,,
lance,fixed_array,synthetic,2000,1024,float32,vector_norm,l2,0,0.0025888750024023466,8255964,,1,lance_default,2026-09-23T18:56:56.957464+00:00,d9a4c43,,
lance,fixed_array,synthetic,2000,1024,float32,vector_norm,l2,1,0.0030032089998712763,8255964,,1,lance_default,2026-09-23T18:56:56.957464+00:00,d9a4c43,,
lance,fixed_array,synthetic,2000,1024,float32,vector_norm,l2,2,0.0030189169992809184,8255964,,1,lance_default,2026-09-23T18:56:56.957464+00:00,d9a4c43,,
parquet,wide,synthetic,2000,1024,float32,write,all,0,0.08589766600198345,11619531,,1,snappy,2026-09-23T18:56:56.957464+00:00,d9a4c43,23283.519716982977,23842324.19019057
parquet,wide,synthetic,2000,1024,float32,write,all,1,0.08806337500573136,11619531,,1,snappy,2026-09-23T18:56:56.957464+00:00,d9a4c43,22710.9169943786,23255979.002243686
parquet,wide,synthetic,2000,1024,float32,write,all,2,0.10579062499891734,11619531,,1,snappy,2026-09-23T18:56:56.957464+00:00,d9a4c43,18905.26688939089,19358993.29473627
parquet,wide,synthetic,2000,1024,float32,full_read,all,0,0.012325250005233102,11619531,,1,snappy,2026-09-23T18:56:56.957464+00:00,d9a4c43,,
parquet,wide,synthetic,2000,1024,float32,full_read,all,1,0.01319333299761638,11619531,,1,snappy,2026-09-23T18:56:56.957464+00:00,d9a4c43,,
parquet,wide,synthetic,2000,1024,float32,full_read,all,2,0.01298845799465198,11619531,,1,snappy,2026-09-23T18:56:56.957464+00:00,d9a4c43,,
parquet,wide,synthetic,2000,1024,float32,matrix_materialization,all,0,0.018081666996295098,11619531,,1,snappy,2026-09-23T18:56:56.957464+00:00,d9a4c43,,
parquet,wide,synthetic,2000,1024,float32,matrix_materialization,all,1,0.0174757079948904,11619531,,1,snappy,2026-09-23T18:56:56.957464+00:00,d9a4c43,,
parquet,wide,synthetic,2000,1024,float32,matrix_materialization,all,2,0.017288374998315703,11619531,,1,snappy,2026-09-23T18:56:56.957464+00:00,d9a4c43,,
parquet,wide,synthetic,2000,1024,float32,random_rows,128,0,0.016507624997757375,11619531,,1,snappy,2026-09-23T18:56:56.957464+00:00,d9a4c43,,
parquet,wide,synthetic,2000,1024,float32,random_rows,128,1,0.017242000001715496,11619531,,1,snappy,2026-09-23T18:56:56.957464+00:00,d9a4c43,,
parquet,wide,synthetic,2000,1024,float32,random_rows,128,2,0.01716599999781465,11619531,,1,snappy,2026-09-23T18:56:56.957464+00:00,d9a4c43,,
parquet,wide,synthetic,2000,1024,float32,feature_projection,8,0,0.005169041993212886,11619531,,1,snappy,2026-09-23T18:56:56.957464+00:00,d9a4c43,,
parquet,wide,synthetic,2000,1024,float32,feature_projection,8,1,0.005259249999653548,11619531,,1,snappy,2026-09-23T18:56:56.957464+00:00,d9a4c43,,
parquet,wide,synthetic,2000,1024,float32,feature_projection,8,2,0.005141833004017826,11619531,,1,snappy,2026-09-23T18:56:56.957464+00:00,d9a4c43,,
parquet,wide,synthetic,2000,1024,float32,vector_norm,l2,0,0.017734125001879875,11619531,,1,snappy,2026-09-23T18:56:56.957464+00:00,d9a4c43,,
parquet,wide,synthetic,2000,1024,float32,vector_norm,l2,1,0.017090624998672865,11619531,,1,snappy,2026-09-23T18:56:56.957464+00:00,d9a4c43,,
parquet,wide,synthetic,2000,1024,float32,vector_norm,l2,2,0.017503333001513965,11619531,,1,snappy,2026-09-23T18:56:56.957464+00:00,d9a4c43,,
parquet,fixed_array,synthetic,2000,1024,float32,write,all,0,0.021830749996297527,8850093,,1,snappy,2026-09-23T18:56:56.957464+00:00,d9a4c43,91613.89326244852,93812626.70074728
parquet,fixed_array,synthetic,2000,1024,float32,write,all,1,0.020702292000351008,8850093,,1,snappy,2026-09-23T18:56:56.957464+00:00,d9a4c43,96607.66063806317,98926244.49337669
parquet,fixed_array,synthetic,2000,1024,float32,write,all,2,0.021133000002009794,8850093,,1,snappy,2026-09-23T18:56:56.957464+00:00,d9a4c43,94638.71669000121,96910045.89056124
parquet,fixed_array,synthetic,2000,1024,float32,full_read,all,0,0.004844959003094118,8850093,,1,snappy,2026-09-23T18:56:56.957464+00:00,d9a4c43,,
parquet,fixed_array,synthetic,2000,1024,float32,full_read,all,1,0.00442654100334039,8850093,,1,snappy,2026-09-23T18:56:56.957464+00:00,d9a4c43,,
parquet,fixed_array,synthetic,2000,1024,float32,full_read,all,2,0.005334041998139583,8850093,,1,snappy,2026-09-23T18:56:56.957464+00:00,d9a4c43,,
parquet,fixed_array,synthetic,2000,1024,float32,matrix_materialization,all,0,0.005317000002833083,8850093,,1,snappy,2026-09-23T18:56:56.957464+00:00,d9a4c43,,
parquet,fixed_array,synthetic,2000,1024,float32,matrix_materialization,all,1,0.006911915996170137,8850093,,1,snappy,2026-09-23T18:56:56.957464+00:00,d9a4c43,,
parquet,fixed_array,synthetic,2000,1024,float32,matrix_materialization,all,2,0.0057594169993535616,8850093,,1,snappy,2026-09-23T18:56:56.957464+00:00,d9a4c43,,
parquet,fixed_array,synthetic,2000,1024,float32,random_rows,128,0,0.0052751670009456575,8850093,,1,snappy,2026-09-23T18:56:56.957464+00:00,d9a4c43,,
parquet,fixed_array,synthetic,2000,1024,float32,random_rows,128,1,0.0049630409994279034,8850093,,1,snappy,2026-09-23T18:56:56.957464+00:00,d9a4c43,,
parquet,fixed_array,synthetic,2000,1024,float32,random_rows,128,2,0.0050150410024798475,8850093,,1,snappy,2026-09-23T18:56:56.957464+00:00,d9a4c43,,
parquet,fixed_array,synthetic,2000,1024,float32,feature_projection,8,0,0.0048799579963088036,8850093,,1,snappy,2026-09-23T18:56:56.957464+00:00,d9a4c43,,
parquet,fixed_array,synthetic,2000,1024,float32,feature_projection,8,1,0.005582375000813045,8850093,,1,snappy,2026-09-23T18:56:56.957464+00:00,d9a4c43,,
parquet,fixed_array,synthetic,2000,1024,float32,feature_projection,8,2,0.004898790997685865,8850093,,1,snappy,2026-09-23T18:56:56.957464+00:00,d9a4c43,,
parquet,fixed_array,synthetic,2000,1024,float32,vector_norm,l2,0,0.005306999999447726,8850093,,1,snappy,2026-09-23T18:56:56.957464+00:00,d9a4c43,,
parquet,fixed_array,synthetic,2000,1024,float32,vector_norm,l2,1,0.00513429100101348,8850093,,1,snappy,2026-09-23T18:56:56.957464+00:00,d9a4c43,,
parquet,fixed_array,synthetic,2000,1024,float32,vector_norm,l2,2,0.005069999999250285,8850093,,1,snappy,2026-09-23T18:56:56.957464+00:00,d9a4c43,,
duckdb,wide,synthetic,2000,1024,float32,write,all,0,0.2659525830022176,17313792,,1,duckdb_default,2026-09-23T18:56:56.957464+00:00,d9a4c43,7520.13752761079,7700620.828273449
duckdb,wide,synthetic,2000,1024,float32,write,all,1,0.23089466599776642,17313792,,1,duckdb_default,2026-09-23T18:56:56.957464+00:00,d9a4c43,8661.958436143983,8869845.438611438
duckdb,wide,synthetic,2000,1024,float32,write,all,2,0.22895675000472693,17313792,,1,duckdb_default,2026-09-23T18:56:56.957464+00:00,d9a4c43,8735.274238294827,8944920.820013903
duckdb,wide,synthetic,2000,1024,float32,full_read,all,0,0.026302833000954706,17313792,,1,duckdb_default,2026-09-23T18:56:56.957464+00:00,d9a4c43,,
duckdb,wide,synthetic,2000,1024,float32,full_read,all,1,0.02612862500245683,17313792,,1,duckdb_default,2026-09-23T18:56:56.957464+00:00,d9a4c43,,
duckdb,wide,synthetic,2000,1024,float32,full_read,all,2,0.02572383400547551,17313792,,1,duckdb_default,2026-09-23T18:56:56.957464+00:00,d9a4c43,,
duckdb,wide,synthetic,2000,1024,float32,matrix_materialization,all,0,0.024922791999415495,17313792,,1,duckdb_default,2026-09-23T18:56:56.957464+00:00,d9a4c43,,
duckdb,wide,synthetic,2000,1024,float32,matrix_materialization,all,1,0.024978582994663157,17313792,,1,duckdb_default,2026-09-23T18:56:56.957464+00:00,d9a4c43,,
duckdb,wide,synthetic,2000,1024,float32,matrix_materialization,all,2,0.0249052080034744,17313792,,1,duckdb_default,2026-09-23T18:56:56.957464+00:00,d9a4c43,,
duckdb,wide,synthetic,2000,1024,float32,random_rows,128,0,0.0253695829960634,17313792,,1,duckdb_default,2026-09-23T18:56:56.957464+00:00,d9a4c43,,
duckdb,wide,synthetic,2000,1024,float32,random_rows,128,1,0.02573458300321363,17313792,,1,duckdb_default,2026-09-23T18:56:56.957464+00:00,d9a4c43,,
duckdb,wide,synthetic,2000,1024,float32,random_rows,128,2,0.02600700000039069,17313792,,1,duckdb_default,2026-09-23T18:56:56.957464+00:00,d9a4c43,,
duckdb,wide,synthetic,2000,1024,float32,feature_projection,8,0,0.01025787500111619,17313792,,1,duckdb_default,2026-09-23T18:56:56.957464+00:00,d9a4c43,,
duckdb,wide,synthetic,2000,1024,float32,feature_projection,8,1,0.010286292003002018,17313792,,1,duckdb_default,2026-09-23T18:56:56.957464+00:00,d9a4c43,,
duckdb,wide,synthetic,2000,1024,float32,feature_projection,8,2,0.010107249996508472,17313792,,1,duckdb_default,2026-09-23T18:56:56.957464+00:00,d9a4c43,,
duckdb,wide,synthetic,2000,1024,float32,vector_norm,l2,0,0.02476758400007384,17313792,,1,duckdb_default,2026-09-23T18:56:56.957464+00:00,d9a4c43,,
duckdb,wide,synthetic,2000,1024,float32,vector_norm,l2,1,0.0247290420011268,17313792,,1,duckdb_default,2026-09-23T18:56:56.957464+00:00,d9a4c43,,
duckdb,wide,synthetic,2000,1024,float32,vector_norm,l2,2,0.025313874997664243,17313792,,1,duckdb_default,2026-09-23T18:56:56.957464+00:00,d9a4c43,,
duckdb,duckdb_array,synthetic,2000,1024,float32,write,all,0,0.17280933399888454,14972930,,1,duckdb_default,2026-09-23T18:56:56.957464+00:00,d9a4c43,11573.448920374345,11851211.69446333
duckdb,duckdb_array,synthetic,2000,1024,float32,write,all,1,0.17687062500044703,14972930,,1,duckdb_default,2026-09-23T18:56:56.957464+00:00,d9a4c43,11307.700190435495,11579084.995005947
duckdb,duckdb_array,synthetic,2000,1024,float32,write,all,2,0.1783273749970249,14972930,,1,duckdb_default,2026-09-23T18:56:56.957464+00:00,d9a4c43,11215.327988949351,11484495.860684136
duckdb,duckdb_array,synthetic,2000,1024,float32,full_read,all,0,0.010835000000952277,14972930,,1,duckdb_default,2026-09-23T18:56:56.957464+00:00,d9a4c43,,
duckdb,duckdb_array,synthetic,2000,1024,float32,full_read,all,1,0.012398874998325482,14972930,,1,duckdb_default,2026-09-23T18:56:56.957464+00:00,d9a4c43,,
duckdb,duckdb_array,synthetic,2000,1024,float32,full_read,all,2,0.012182124999526422,14972930,,1,duckdb_default,2026-09-23T18:56:56.957464+00:00,d9a4c43,,
duckdb,duckdb_array,synthetic,2000,1024,float32,matrix_materialization,all,0,0.013504167000064626,14972930,,1,duckdb_default,2026-09-23T18:56:56.957464+00:00,d9a4c43,,
duckdb,duckdb_array,synthetic,2000,1024,float32,matrix_materialization,all,1,0.0129488329985179,14972930,,1,duckdb_default,2026-09-23T18:56:56.957464+00:00,d9a4c43,,
duckdb,duckdb_array,synthetic,2000,1024,float32,matrix_materialization,all,2,0.012680375002673827,14972930,,1,duckdb_default,2026-09-23T18:56:56.957464+00:00,d9a4c43,,
duckdb,duckdb_array,synthetic,2000,1024,float32,random_rows,128,0,0.012509833999502007,14972930,,1,duckdb_default,2026-09-23T18:56:56.957464+00:00,d9a4c43,,
duckdb,duckdb_array,synthetic,2000,1024,float32,random_rows,128,1,0.012837458998546936,14972930,,1,duckdb_default,2026-09-23T18:56:56.957464+00:00,d9a4c43,,
duckdb,duckdb_array,synthetic,2000,1024,float32,random_rows,128,2,0.01239295800041873,14972930,,1,duckdb_default,2026-09-23T18:56:56.957464+00:00,d9a4c43,,
duckdb,duckdb_array,synthetic,2000,1024,float32,feature_projection,8,0,0.007523166997998487,14972930,,1,duckdb_default,2026-09-23T18:56:56.957464+00:00,d9a4c43,,
duckdb,duckdb_array,synthetic,2000,1024,float32,feature_projection,8,1,0.0074444159981794655,14972930,,1,duckdb_default,2026-09-23T18:56:56.957464+00:00,d9a4c43,,
duckdb,duckdb_array,synthetic,2000,1024,float32,feature_projection,8,2,0.0076725420003640465,14972930,,1,duckdb_default,2026-09-23T18:56:56.957464+00:00,d9a4c43,,
duckdb,duckdb_array,synthetic,2000,1024,float32,vector_norm,l2,0,0.012547167003504,14972930,,1,duckdb_default,2026-09-23T18:56:56.957464+00:00,d9a4c43,,
duckdb,duckdb_array,synthetic,2000,1024,float32,vector_norm,l2,1,0.012613667000550777,14972930,,1,duckdb_default,2026-09-23T18:56:56.957464+00:00,d9a4c43,,
duckdb,duckdb_array,synthetic,2000,1024,float32,vector_norm,l2,2,0.01267099999677157,14972930,,1,duckdb_default,2026-09-23T18:56:56.957464+00:00,d9a4c43,,
csv,wide,synthetic,2000,2048,float32,write,all,0,1.2462590829964029,44764121,,1,none,2026-09-23T18:56:56.957464+00:00,d9a4c43,1604.8027471072583,3286636.026075665
csv,wide,synthetic,2000,2048,float32,write,all,1,1.2703317920022528,44764121,,1,none,2026-09-23T18:56:56.957464+00:00,d9a4c43,1574.391834158279,3224354.4763561552
csv,wide,synthetic,2000,2048,float32,write,all,2,1.2632883330006734,44764121,,1,none,2026-09-23T18:56:56.957464+00:00,d9a4c43,1583.1698494748418,3242331.851724476
csv,wide,synthetic,2000,2048,float32,full_read,all,0,0.21842874999856576,44764121,,1,none,2026-09-23T18:56:56.957464+00:00,d9a4c43,,
csv,wide,synthetic,2000,2048,float32,full_read,all,1,0.217617500005872,44764121,,1,none,2026-09-23T18:56:56.957464+00:00,d9a4c43,,
csv,wide,synthetic,2000,2048,float32,full_read,all,2,0.21250420800060965,44764121,,1,none,2026-09-23T18:56:56.957464+00:00,d9a4c43,,
csv,wide,synthetic,2000,2048,float32,matrix_materialization,all,0,0.21989249999751337,44764121,,1,none,2026-09-23T18:56:56.957464+00:00,d9a4c43,,
csv,wide,synthetic,2000,2048,float32,matrix_materialization,all,1,0.2141639590045088,44764121,,1,none,2026-09-23T18:56:56.957464+00:00,d9a4c43,,
csv,wide,synthetic,2000,2048,float32,matrix_materialization,all,2,0.21587562499917112,44764121,,1,none,2026-09-23T18:56:56.957464+00:00,d9a4c43,,
csv,wide,synthetic,2000,2048,float32,random_rows,128,0,0.2157957079980406,44764121,,1,none,2026-09-23T18:56:56.957464+00:00,d9a4c43,,
csv,wide,synthetic,2000,2048,float32,random_rows,128,1,0.21513629100081744,44764121,,1,none,2026-09-23T18:56:56.957464+00:00,d9a4c43,,
csv,wide,synthetic,2000,2048,float32,random_rows,128,2,0.21735916600300698,44764121,,1,none,2026-09-23T18:56:56.957464+00:00,d9a4c43,,
csv,wide,synthetic,2000,2048,float32,feature_projection,8,0,0.07895054099935805,44764121,,1,none,2026-09-23T18:56:56.957464+00:00,d9a4c43,,
csv,wide,synthetic,2000,2048,float32,feature_projection,8,1,0.08088441700238036,44764121,,1,none,2026-09-23T18:56:56.957464+00:00,d9a4c43,,
csv,wide,synthetic,2000,2048,float32,feature_projection,8,2,0.07920416699926136,44764121,,1,none,2026-09-23T18:56:56.957464+00:00,d9a4c43,,
csv,wide,synthetic,2000,2048,float32,vector_norm,l2,0,0.22391587499441812,44764121,,1,none,2026-09-23T18:56:56.957464+00:00,d9a4c43,,
csv,wide,synthetic,2000,2048,float32,vector_norm,l2,1,0.22378775000106543,44764121,,1,none,2026-09-23T18:56:56.957464+00:00,d9a4c43,,
csv,wide,synthetic,2000,2048,float32,vector_norm,l2,2,0.21914670900150668,44764121,,1,none,2026-09-23T18:56:56.957464+00:00,d9a4c43,,
csv,delimited_array,synthetic,2000,2048,float32,write,all,0,2.00399775000551,49902261,,1,none,2026-09-23T18:56:56.957464+00:00,d9a4c43,998.0051125279462,2043914.4704572337
csv,delimited_array,synthetic,2000,2048,float32,write,all,1,1.9949823749993811,49902261,,1,none,2026-09-23T18:56:56.957464+00:00,d9a4c43,1002.5151224710045,2053150.9708206172
csv,delimited_array,synthetic,2000,2048,float32,write,all,2,2.0078534580025007,49902261,,1,none,2026-09-23T18:56:56.957464+00:00,d9a4c43,996.0886298891984,2039989.5140130783
csv,delimited_array,synthetic,2000,2048,float32,full_read,all,0,0.23446270800195634,49902261,,1,none,2026-09-23T18:56:56.957464+00:00,d9a4c43,,
csv,delimited_array,synthetic,2000,2048,float32,full_read,all,1,0.22606716599693755,49902261,,1,none,2026-09-23T18:56:56.957464+00:00,d9a4c43,,
csv,delimited_array,synthetic,2000,2048,float32,full_read,all,2,0.22405749999597901,49902261,,1,none,2026-09-23T18:56:56.957464+00:00,d9a4c43,,
csv,delimited_array,synthetic,2000,2048,float32,matrix_materialization,all,0,0.4046491250046529,49902261,,1,none,2026-09-23T18:56:56.957464+00:00,d9a4c43,,
csv,delimited_array,synthetic,2000,2048,float32,matrix_materialization,all,1,0.4146420830002171,49902261,,1,none,2026-09-23T18:56:56.957464+00:00,d9a4c43,,
csv,delimited_array,synthetic,2000,2048,float32,matrix_materialization,all,2,0.40199058399593923,49902261,,1,none,2026-09-23T18:56:56.957464+00:00,d9a4c43,,
csv,delimited_array,synthetic,2000,2048,float32,random_rows,128,0,0.41413374999683583,49902261,,1,none,2026-09-23T18:56:56.957464+00:00,d9a4c43,,
csv,delimited_array,synthetic,2000,2048,float32,random_rows,128,1,0.4130752909986768,49902261,,1,none,2026-09-23T18:56:56.957464+00:00,d9a4c43,,
csv,delimited_array,synthetic,2000,2048,float32,random_rows,128,2,0.4029463749975548,49902261,,1,none,2026-09-23T18:56:56.957464+00:00,d9a4c43,,
csv,delimited_array,synthetic,2000,2048,float32,feature_projection,8,0,0.4122607079989393,49902261,,1,none,2026-09-23T18:56:56.957464+00:00,d9a4c43,,
csv,delimited_array,synthetic,2000,2048,float32,feature_projection,8,1,0.41083500000240747,49902261,,1,none,2026-09-23T18:56:56.957464+00:00,d9a4c43,,
csv,delimited_array,synthetic,2000,2048,float32,feature_projection,8,2,0.4094394170024316,49902261,,1,none,2026-09-23T18:56:56.957464+00:00,d9a4c43,,
csv,delimited_array,synthetic,2000,2048,float32,vector_norm,l2,0,0.41864224999881117,49902261,,1,none,2026-09-23T18:56:56.957464+00:00,d9a4c43,,
csv,delimited_array,synthetic,2000,2048,float32,vector_norm,l2,1,0.41001324999524513,49902261,,1,none,2026-09-23T18:56:56.957464+00:00,d9a4c43,,
csv,delimited_array,synthetic,2000,2048,float32,vector_norm,l2,2,0.42031454099924304,49902261,,1,none,2026-09-23T18:56:56.957464+00:00,d9a4c43,,
csv,json_array,synthetic,2000,2048,float32,write,all,0,1.6057568340038415,80506440,,1,none,2026-09-23T18:56:56.957464+00:00,d9a4c43,1245.5185976155187,2550822.0879165824
csv,json_array,synthetic,2000,2048,float32,write,all,1,1.6133650409974507,80506440,,1,none,2026-09-23T18:56:56.957464+00:00,d9a4c43,1239.645058110045,2538793.0790093723
csv,json_array,synthetic,2000,2048,float32,write,all,2,1.601919499997166,80506440,,1,none,2026-09-23T18:56:56.957464+00:00,d9a4c43,1248.502187534104,2556932.480069845
csv,json_array,synthetic,2000,2048,float32,full_read,all,0,0.3394769169972278,80506440,,1,none,2026-09-23T18:56:56.957464+00:00,d9a4c43,,
csv,json_array,synthetic,2000,2048,float32,full_read,all,1,0.34931512500043027,80506440,,1,none,2026-09-23T18:56:56.957464+00:00,d9a4c43,,
csv,json_array,synthetic,2000,2048,float32,full_read,all,2,0.34897916699992493,80506440,,1,none,2026-09-23T18:56:56.957464+00:00,d9a4c43,,
csv,json_array,synthetic,2000,2048,float32,matrix_materialization,all,0,0.9452135419996921,80506440,,1,none,2026-09-23T18:56:56.957464+00:00,d9a4c43,,
csv,json_array,synthetic,2000,2048,float32,matrix_materialization,all,1,0.8934616250044201,80506440,,1,none,2026-09-23T18:56:56.957464+00:00,d9a4c43,,
csv,json_array,synthetic,2000,2048,float32,matrix_materialization,all,2,0.8952904580000904,80506440,,1,none,2026-09-23T18:56:56.957464+00:00,d9a4c43,,
csv,json_array,synthetic,2000,2048,float32,random_rows,128,0,0.9139285419951193,80506440,,1,none,2026-09-23T18:56:56.957464+00:00,d9a4c43,,
csv,json_array,synthetic,2000,2048,float32,random_rows,128,1,0.8924837090016808,80506440,,1,none,2026-09-23T18:56:56.957464+00:00,d9a4c43,,
csv,json_array,synthetic,2000,2048,float32,random_rows,128,2,0.9045174999992014,80506440,,1,none,2026-09-23T18:56:56.957464+00:00,d9a4c43,,
csv,json_array,synthetic,2000,2048,float32,feature_projection,8,0,0.9188475839982857,80506440,,1,none,2026-09-23T18:56:56.957464+00:00,d9a4c43,,
csv,json_array,synthetic,2000,2048,float32,feature_projection,8,1,0.8930608750015381,80506440,,1,none,2026-09-23T18:56:56.957464+00:00,d9a4c43,,
csv,json_array,synthetic,2000,2048,float32,feature_projection,8,2,0.8852843330023461,80506440,,1,none,2026-09-23T18:56:56.957464+00:00,d9a4c43,,
csv,json_array,synthetic,2000,2048,float32,vector_norm,l2,0,0.8978674590034643,80506440,,1,none,2026-09-23T18:56:56.957464+00:00,d9a4c43,,
csv,json_array,synthetic,2000,2048,float32,vector_norm,l2,1,0.9260182910002186,80506440,,1,none,2026-09-23T18:56:56.957464+00:00,d9a4c43,,
csv,json_array,synthetic,2000,2048,float32,vector_norm,l2,2,0.9136575000011362,80506440,,1,none,2026-09-23T18:56:56.957464+00:00,d9a4c43,,
vortex,wide,synthetic,2000,2048,float32,write,all,0,0.6951452089997474,16891656,,1,none,2026-09-23T18:56:56.957464+00:00,d9a4c43,2877.096718939951,5892294.08038902
vortex,wide,synthetic,2000,2048,float32,write,all,1,0.6552557919931132,16891656,,1,none,2026-09-23T18:56:56.957464+00:00,d9a4c43,3052.2431460186467,6250993.9630461885
vortex,wide,synthetic,2000,2048,float32,write,all,2,0.7028182079957332,16891656,,1,none,2026-09-23T18:56:56.957464+00:00,d9a4c43,2845.686092429953,5827965.117296544
vortex,wide,synthetic,2000,2048,float32,full_read,all,0,0.032999250004650094,16891656,,1,none,2026-09-23T18:56:56.957464+00:00,d9a4c43,,
vortex,wide,synthetic,2000,2048,float32,full_read,all,1,0.031161833001533523,16891656,,1,none,2026-09-23T18:56:56.957464+00:00,d9a4c43,,
vortex,wide,synthetic,2000,2048,float32,full_read,all,2,0.03280345800158102,16891656,,1,none,2026-09-23T18:56:56.957464+00:00,d9a4c43,,
vortex,wide,synthetic,2000,2048,float32,matrix_materialization,all,0,0.03874325000651879,16891656,,1,none,2026-09-23T18:56:56.957464+00:00,d9a4c43,,
vortex,wide,synthetic,2000,2048,float32,matrix_materialization,all,1,0.038845333001518156,16891656,,1,none,2026-09-23T18:56:56.957464+00:00,d9a4c43,,
vortex,wide,synthetic,2000,2048,float32,matrix_materialization,all,2,0.037202416999207344,16891656,,1,none,2026-09-23T18:56:56.957464+00:00,d9a4c43,,
vortex,wide,synthetic,2000,2048,float32,random_rows,128,0,0.03926491699530743,16891656,,1,none,2026-09-23T18:56:56.957464+00:00,d9a4c43,,
vortex,wide,synthetic,2000,2048,float32,random_rows,128,1,0.03613208299793769,16891656,,1,none,2026-09-23T18:56:56.957464+00:00,d9a4c43,,
vortex,wide,synthetic,2000,2048,float32,random_rows,128,2,0.03755241700127954,16891656,,1,none,2026-09-23T18:56:56.957464+00:00,d9a4c43,,
vortex,wide,synthetic,2000,2048,float32,feature_projection,8,0,0.029830209001374897,16891656,,1,none,2026-09-23T18:56:56.957464+00:00,d9a4c43,,
vortex,wide,synthetic,2000,2048,float32,feature_projection,8,1,0.03060091699444456,16891656,,1,none,2026-09-23T18:56:56.957464+00:00,d9a4c43,,
vortex,wide,synthetic,2000,2048,float32,feature_projection,8,2,0.03021404200262623,16891656,,1,none,2026-09-23T18:56:56.957464+00:00,d9a4c43,,
vortex,wide,synthetic,2000,2048,float32,vector_norm,l2,0,0.035922082999604754,16891656,,1,none,2026-09-23T18:56:56.957464+00:00,d9a4c43,,
vortex,wide,synthetic,2000,2048,float32,vector_norm,l2,1,0.03568129199993564,16891656,,1,none,2026-09-23T18:56:56.957464+00:00,d9a4c43,,
vortex,wide,synthetic,2000,2048,float32,vector_norm,l2,2,0.03840491599839879,16891656,,1,none,2026-09-23T18:56:56.957464+00:00,d9a4c43,,
vortex,fixed_array,synthetic,2000,2048,float32,write,all,0,0.01596149999386398,14500782,,1,none,2026-09-23T18:56:56.957464+00:00,d9a4c43,125301.50679878786,256617485.92391753
vortex,fixed_array,synthetic,2000,2048,float32,write,all,1,0.020993334001104813,14500782,,1,none,2026-09-23T18:56:56.957464+00:00,d9a4c43,95268.33612492167,195109552.38383958
vortex,fixed_array,synthetic,2000,2048,float32,write,all,2,0.028516000005765818,14500782,,1,none,2026-09-23T18:56:56.957464+00:00,d9a4c43,70136.0639499091,143638658.96941385
vortex,fixed_array,synthetic,2000,2048,float32,full_read,all,0,0.0015833340003155172,14500782,,1,none,2026-09-23T18:56:56.957464+00:00,d9a4c43,,
vortex,fixed_array,synthetic,2000,2048,float32,full_read,all,1,0.0024456669998471625,14500782,,1,none,2026-09-23T18:56:56.957464+00:00,d9a4c43,,
vortex,fixed_array,synthetic,2000,2048,float32,full_read,all,2,0.002228457997262012,14500782,,1,none,2026-09-23T18:56:56.957464+00:00,d9a4c43,,
vortex,fixed_array,synthetic,2000,2048,float32,matrix_materialization,all,0,0.00266837499657413,14500782,,1,none,2026-09-23T18:56:56.957464+00:00,d9a4c43,,
vortex,fixed_array,synthetic,2000,2048,float32,matrix_materialization,all,1,0.00335379099851707,14500782,,1,none,2026-09-23T18:56:56.957464+00:00,d9a4c43,,
vortex,fixed_array,synthetic,2000,2048,float32,matrix_materialization,all,2,0.0023028330033412203,14500782,,1,none,2026-09-23T18:56:56.957464+00:00,d9a4c43,,
vortex,fixed_array,synthetic,2000,2048,float32,random_rows,128,0,0.0026689160004025325,14500782,,1,none,2026-09-23T18:56:56.957464+00:00,d9a4c43,,
vortex,fixed_array,synthetic,2000,2048,float32,random_rows,128,1,0.0027452080030343495,14500782,,1,none,2026-09-23T18:56:56.957464+00:00,d9a4c43,,
vortex,fixed_array,synthetic,2000,2048,float32,random_rows,128,2,0.0030915410025045276,14500782,,1,none,2026-09-23T18:56:56.957464+00:00,d9a4c43,,
vortex,fixed_array,synthetic,2000,2048,float32,feature_projection,8,0,0.0018595839937916026,14500782,,1,none,2026-09-23T18:56:56.957464+00:00,d9a4c43,,
vortex,fixed_array,synthetic,2000,2048,float32,feature_projection,8,1,0.0017665839986875653,14500782,,1,none,2026-09-23T18:56:56.957464+00:00,d9a4c43,,
vortex,fixed_array,synthetic,2000,2048,float32,feature_projection,8,2,0.001978708998649381,14500782,,1,none,2026-09-23T18:56:56.957464+00:00,d9a4c43,,
vortex,fixed_array,synthetic,2000,2048,float32,vector_norm,l2,0,0.002890167001169175,14500782,,1,none,2026-09-23T18:56:56.957464+00:00,d9a4c43,,
vortex,fixed_array,synthetic,2000,2048,float32,vector_norm,l2,1,0.002899708997574635,14500782,,1,none,2026-09-23T18:56:56.957464+00:00,d9a4c43,,
vortex,fixed_array,synthetic,2000,2048,float32,vector_norm,l2,2,0.0028001249957014807,14500782,,1,none,2026-09-23T18:56:56.957464+00:00,d9a4c43,,
lance,wide,synthetic,2000,2048,float32,write,all,0,0.15006466600607382,17841575,,1,lance_default,2026-09-23T18:56:56.957464+00:00,d9a4c43,13327.587720876616,27294899.65235531
lance,wide,synthetic,2000,2048,float32,write,all,1,0.09543408299941802,17841574,,1,lance_default,2026-09-23T18:56:56.957464+00:00,d9a4c43,20956.87344753128,42919676.820544064
lance,wide,synthetic,2000,2048,float32,write,all,2,0.10165362499537878,17841574,,1,lance_default,2026-09-23T18:56:56.957464+00:00,d9a4c43,19674.65498737424,40293693.414142445
lance,wide,synthetic,2000,2048,float32,full_read,all,0,0.06509695899876533,17841574,,1,lance_default,2026-09-23T18:56:56.957464+00:00,d9a4c43,,
lance,wide,synthetic,2000,2048,float32,full_read,all,1,0.0668383329975768,17841574,,1,lance_default,2026-09-23T18:56:56.957464+00:00,d9a4c43,,
lance,wide,synthetic,2000,2048,float32,full_read,all,2,0.06781295899418183,17841574,,1,lance_default,2026-09-23T18:56:56.957464+00:00,d9a4c43,,
lance,wide,synthetic,2000,2048,float32,matrix_materialization,all,0,0.7285123330002534,17841574,,1,lance_default,2026-09-23T18:56:56.957464+00:00,d9a4c43,,
lance,wide,synthetic,2000,2048,float32,matrix_materialization,all,1,0.730514167000365,17841574,,1,lance_default,2026-09-23T18:56:56.957464+00:00,d9a4c43,,
lance,wide,synthetic,2000,2048,float32,matrix_materialization,all,2,0.724781000004441,17841574,,1,lance_default,2026-09-23T18:56:56.957464+00:00,d9a4c43,,
lance,wide,synthetic,2000,2048,float32,random_rows,128,0,0.7236303750032675,17841574,,1,lance_default,2026-09-23T18:56:56.957464+00:00,d9a4c43,,
lance,wide,synthetic,2000,2048,float32,random_rows,128,1,0.7278013329996611,17841574,,1,lance_default,2026-09-23T18:56:56.957464+00:00,d9a4c43,,
lance,wide,synthetic,2000,2048,float32,random_rows,128,2,0.7260464999999385,17841574,,1,lance_default,2026-09-23T18:56:56.957464+00:00,d9a4c43,,
lance,wide,synthetic,2000,2048,float32,feature_projection,8,0,0.011614291994192172,17841574,,1,lance_default,2026-09-23T18:56:56.957464+00:00,d9a4c43,,
lance,wide,synthetic,2000,2048,float32,feature_projection,8,1,0.012880875001428649,17841574,,1,lance_default,2026-09-23T18:56:56.957464+00:00,d9a4c43,,
lance,wide,synthetic,2000,2048,float32,feature_projection,8,2,0.011789708005380817,17841574,,1,lance_default,2026-09-23T18:56:56.957464+00:00,d9a4c43,,
lance,wide,synthetic,2000,2048,float32,vector_norm,l2,0,0.7288880410051206,17841574,,1,lance_default,2026-09-23T18:56:56.957464+00:00,d9a4c43,,
lance,wide,synthetic,2000,2048,float32,vector_norm,l2,1,0.7311663750006119,17841574,,1,lance_default,2026-09-23T18:56:56.957464+00:00,d9a4c43,,
lance,wide,synthetic,2000,2048,float32,vector_norm,l2,2,0.7635772499997984,17841574,,1,lance_default,2026-09-23T18:56:56.957464+00:00,d9a4c43,,
lance,fixed_array,synthetic,2000,2048,float32,write,all,0,0.025542125003994443,16466405,,1,lance_default,2026-09-23T18:56:56.957464+00:00,d9a4c43,78302.02066927584,160362538.3306769
lance,fixed_array,synthetic,2000,2048,float32,write,all,1,0.02300558300339617,16466405,,1,lance_default,2026-09-23T18:56:56.957464+00:00,d9a4c43,86935.4190982577,178043738.31323177
lance,fixed_array,synthetic,2000,2048,float32,write,all,2,0.015417916001752019,16466405,,1,lance_default,2026-09-23T18:56:56.957464+00:00,d9a4c43,129719.21755007158,265664957.5425466
lance,fixed_array,synthetic,2000,2048,float32,full_read,all,0,0.0026419999994686805,16466405,,1,lance_default,2026-09-23T18:56:56.957464+00:00,d9a4c43,,
lance,fixed_array,synthetic,2000,2048,float32,full_read,all,1,0.00288912500400329,16466405,,1,lance_default,2026-09-23T18:56:56.957464+00:00,d9a4c43,,
lance,fixed_array,synthetic,2000,2048,float32,full_read,all,2,0.002716791997954715,16466405,,1,lance_default,2026-09-23T18:56:56.957464+00:00,d9a4c43,,
lance,fixed_array,synthetic,2000,2048,float32,matrix_materialization,all,0,0.0037132919969735667,16466405,,1,lance_default,2026-09-23T18:56:56.957464+00:00,d9a4c43,,
lance,fixed_array,synthetic,2000,2048,float32,matrix_materialization,all,1,0.0040327079987036996,16466405,,1,lance_default,2026-09-23T18:56:56.957464+00:00,d9a4c43,,
lance,fixed_array,synthetic,2000,2048,float32,matrix_materialization,all,2,0.003558582997357007,16466405,,1,lance_default,2026-09-23T18:56:56.957464+00:00,d9a4c43,,
lance,fixed_array,synthetic,2000,2048,float32,random_rows,128,0,0.0033605839998926967,16466405,,1,lance_default,2026-09-23T18:56:56.957464+00:00,d9a4c43,,
lance,fixed_array,synthetic,2000,2048,float32,random_rows,128,1,0.0033432909986004233,16466405,,1,lance_default,2026-09-23T18:56:56.957464+00:00,d9a4c43,,
lance,fixed_array,synthetic,2000,2048,float32,random_rows,128,2,0.003203291998943314,16466405,,1,lance_default,2026-09-23T18:56:56.957464+00:00,d9a4c43,,
lance,fixed_array,synthetic,2000,2048,float32,feature_projection,8,0,0.0029950829994049855,16466405,,1,lance_default,2026-09-23T18:56:56.957464+00:00,d9a4c43,,
lance,fixed_array,synthetic,2000,2048,float32,feature_projection,8,1,0.003024833000381477,16466405,,1,lance_default,2026-09-23T18:56:56.957464+00:00,d9a4c43,,
lance,fixed_array,synthetic,2000,2048,float32,feature_projection,8,2,0.003144417001749389,16466405,,1,lance_default,2026-09-23T18:56:56.957464+00:00,d9a4c43,,
lance,fixed_array,synthetic,2000,2048,float32,vector_norm,l2,0,0.003985875002399553,16466405,,1,lance_default,2026-09-23T18:56:56.957464+00:00,d9a4c43,,
lance,fixed_array,synthetic,2000,2048,float32,vector_norm,l2,1,0.0040093749994412065,16466405,,1,lance_default,2026-09-23T18:56:56.957464+00:00,d9a4c43,,
lance,fixed_array,synthetic,2000,2048,float32,vector_norm,l2,2,0.003924250006093644,16466405,,1,lance_default,2026-09-23T18:56:56.957464+00:00,d9a4c43,,
parquet,wide,synthetic,2000,2048,float32,write,all,0,0.1910531249959604,23223704,,1,snappy,2026-09-23T18:56:56.957464+00:00,d9a4c43,10468.29252357054,21439063.088272467
parquet,wide,synthetic,2000,2048,float32,write,all,1,0.2058410419995198,23223704,,1,snappy,2026-09-23T18:56:56.957464+00:00,d9a4c43,9716.235307459558,19898849.909677174
parquet,wide,synthetic,2000,2048,float32,write,all,2,0.18015679199743317,23223704,,1,snappy,2026-09-23T18:56:56.957464+00:00,d9a4c43,11101.441016048373,22735751.200867068
parquet,wide,synthetic,2000,2048,float32,full_read,all,0,0.02416329100378789,23223704,,1,snappy,2026-09-23T18:56:56.957464+00:00,d9a4c43,,
parquet,wide,synthetic,2000,2048,float32,full_read,all,1,0.025078500002564397,23223704,,1,snappy,2026-09-23T18:56:56.957464+00:00,d9a4c43,,
parquet,wide,synthetic,2000,2048,float32,full_read,all,2,0.026512457996432204,23223704,,1,snappy,2026-09-23T18:56:56.957464+00:00,d9a4c43,,
parquet,wide,synthetic,2000,2048,float32,matrix_materialization,all,0,0.0355631659986102,23223704,,1,snappy,2026-09-23T18:56:56.957464+00:00,d9a4c43,,
parquet,wide,synthetic,2000,2048,float32,matrix_materialization,all,1,0.03223820800485555,23223704,,1,snappy,2026-09-23T18:56:56.957464+00:00,d9a4c43,,
parquet,wide,synthetic,2000,2048,float32,matrix_materialization,all,2,0.03491470900189597,23223704,,1,snappy,2026-09-23T18:56:56.957464+00:00,d9a4c43,,
parquet,wide,synthetic,2000,2048,float32,random_rows,128,0,0.032858416001545265,23223704,,1,snappy,2026-09-23T18:56:56.957464+00:00,d9a4c43,,
parquet,wide,synthetic,2000,2048,float32,random_rows,128,1,0.03499358300177846,23223704,,1,snappy,2026-09-23T18:56:56.957464+00:00,d9a4c43,,
parquet,wide,synthetic,2000,2048,float32,random_rows,128,2,0.03623350000270875,23223704,,1,snappy,2026-09-23T18:56:56.957464+00:00,d9a4c43,,
parquet,wide,synthetic,2000,2048,float32,feature_projection,8,0,0.010299875000782777,23223704,,1,snappy,2026-09-23T18:56:56.957464+00:00,d9a4c43,,
parquet,wide,synthetic,2000,2048,float32,feature_projection,8,1,0.010350917000323534,23223704,,1,snappy,2026-09-23T18:56:56.957464+00:00,d9a4c43,,
parquet,wide,synthetic,2000,2048,float32,feature_projection,8,2,0.010122583000338636,23223704,,1,snappy,2026-09-23T18:56:56.957464+00:00,d9a4c43,,
parquet,wide,synthetic,2000,2048,float32,vector_norm,l2,0,0.03645166700152913,23223704,,1,snappy,2026-09-23T18:56:56.957464+00:00,d9a4c43,,
parquet,wide,synthetic,2000,2048,float32,vector_norm,l2,1,0.03640879200247582,23223704,,1,snappy,2026-09-23T18:56:56.957464+00:00,d9a4c43,,
parquet,wide,synthetic,2000,2048,float32,vector_norm,l2,2,0.03594862500176532,23223704,,1,snappy,2026-09-23T18:56:56.957464+00:00,d9a4c43,,
parquet,fixed_array,synthetic,2000,2048,float32,write,all,0,0.03103829199972097,17063958,,1,snappy,2026-09-23T18:56:56.957464+00:00,d9a4c43,64436.53536148123,131966024.42031355
parquet,fixed_array,synthetic,2000,2048,float32,write,all,1,0.02912054199987324,17063958,,1,snappy,2026-09-23T18:56:56.957464+00:00,d9a4c43,68680.04036493228,140656722.66738132
parquet,fixed_array,synthetic,2000,2048,float32,write,all,2,0.03219233300478663,17063958,,1,snappy,2026-09-23T18:56:56.957464+00:00,d9a4c43,62126.593922305125,127235264.3528809
parquet,fixed_array,synthetic,2000,2048,float32,full_read,all,0,0.007871541994973086,17063958,,1,snappy,2026-09-23T18:56:56.957464+00:00,d9a4c43,,
parquet,fixed_array,synthetic,2000,2048,float32,full_read,all,1,0.007791125004587229,17063958,,1,snappy,2026-09-23T18:56:56.957464+00:00,d9a4c43,,
parquet,fixed_array,synthetic,2000,2048,float32,full_read,all,2,0.007818040998245124,17063958,,1,snappy,2026-09-23T18:56:56.957464+00:00,d9a4c43,,
parquet,fixed_array,synthetic,2000,2048,float32,matrix_materialization,all,0,0.008799374998488929,17063958,,1,snappy,2026-09-23T18:56:56.957464+00:00,d9a4c43,,
parquet,fixed_array,synthetic,2000,2048,float32,matrix_materialization,all,1,0.01108720800402807,17063958,,1,snappy,2026-09-23T18:56:56.957464+00:00,d9a4c43,,
parquet,fixed_array,synthetic,2000,2048,float32,matrix_materialization,all,2,0.011561874998733401,17063958,,1,snappy,2026-09-23T18:56:56.957464+00:00,d9a4c43,,
parquet,fixed_array,synthetic,2000,2048,float32,random_rows,128,0,0.009485457994742319,17063958,,1,snappy,2026-09-23T18:56:56.957464+00:00,d9a4c43,,
parquet,fixed_array,synthetic,2000,2048,float32,random_rows,128,1,0.009341541001049336,17063958,,1,snappy,2026-09-23T18:56:56.957464+00:00,d9a4c43,,
parquet,fixed_array,synthetic,2000,2048,float32,random_rows,128,2,0.009474790997046512,17063958,,1,snappy,2026-09-23T18:56:56.957464+00:00,d9a4c43,,
parquet,fixed_array,synthetic,2000,2048,float32,feature_projection,8,0,0.00882287500280654,17063958,,1,snappy,2026-09-23T18:56:56.957464+00:00,d9a4c43,,
parquet,fixed_array,synthetic,2000,2048,float32,feature_projection,8,1,0.008776624999882188,17063958,,1,snappy,2026-09-23T18:56:56.957464+00:00,d9a4c43,,
parquet,fixed_array,synthetic,2000,2048,float32,feature_projection,8,2,0.009351583001262043,17063958,,1,snappy,2026-09-23T18:56:56.957464+00:00,d9a4c43,,
parquet,fixed_array,synthetic,2000,2048,float32,vector_norm,l2,0,0.009689041995443404,17063958,,1,snappy,2026-09-23T18:56:56.957464+00:00,d9a4c43,,
parquet,fixed_array,synthetic,2000,2048,float32,vector_norm,l2,1,0.009952500004146714,17063958,,1,snappy,2026-09-23T18:56:56.957464+00:00,d9a4c43,,
parquet,fixed_array,synthetic,2000,2048,float32,vector_norm,l2,2,0.009958249996998347,17063958,,1,snappy,2026-09-23T18:56:56.957464+00:00,d9a4c43,,
duckdb,wide,synthetic,2000,2048,float32,write,all,0,0.43701149999833433,34091008,,1,duckdb_default,2026-09-23T18:56:56.957464+00:00,d9a4c43,4576.538603692633,9372751.060362512
duckdb,wide,synthetic,2000,2048,float32,write,all,1,0.44650220799667295,34091008,,1,duckdb_default,2026-09-23T18:56:56.957464+00:00,d9a4c43,4479.261164179737,9173526.8642401
duckdb,wide,synthetic,2000,2048,float32,write,all,2,0.47313879200373776,34091008,,1,duckdb_default,2026-09-23T18:56:56.957464+00:00,d9a4c43,4227.089458317339,8657079.210633911
duckdb,wide,synthetic,2000,2048,float32,full_read,all,0,0.04831895800452912,34091008,,1,duckdb_default,2026-09-23T18:56:56.957464+00:00,d9a4c43,,
duckdb,wide,synthetic,2000,2048,float32,full_read,all,1,0.048792000001412816,34091008,,1,duckdb_default,2026-09-23T18:56:56.957464+00:00,d9a4c43,,
duckdb,wide,synthetic,2000,2048,float32,full_read,all,2,0.048687041002267506,34091008,,1,duckdb_default,2026-09-23T18:56:56.957464+00:00,d9a4c43,,
duckdb,wide,synthetic,2000,2048,float32,matrix_materialization,all,0,0.04808770800445927,34091008,,1,duckdb_default,2026-09-23T18:56:56.957464+00:00,d9a4c43,,
duckdb,wide,synthetic,2000,2048,float32,matrix_materialization,all,1,0.0479821249973611,34091008,,1,duckdb_default,2026-09-23T18:56:56.957464+00:00,d9a4c43,,
duckdb,wide,synthetic,2000,2048,float32,matrix_materialization,all,2,0.04752566700335592,34091008,,1,duckdb_default,2026-09-23T18:56:56.957464+00:00,d9a4c43,,
duckdb,wide,synthetic,2000,2048,float32,random_rows,128,0,0.04798337499960326,34091008,,1,duckdb_default,2026-09-23T18:56:56.957464+00:00,d9a4c43,,
duckdb,wide,synthetic,2000,2048,float32,random_rows,128,1,0.04744504100381164,34091008,,1,duckdb_default,2026-09-23T18:56:56.957464+00:00,d9a4c43,,
duckdb,wide,synthetic,2000,2048,float32,random_rows,128,2,0.04740079100156436,34091008,,1,duckdb_default,2026-09-23T18:56:56.957464+00:00,d9a4c43,,
duckdb,wide,synthetic,2000,2048,float32,feature_projection,8,0,0.016048749996116385,34091008,,1,duckdb_default,2026-09-23T18:56:56.957464+00:00,d9a4c43,,
duckdb,wide,synthetic,2000,2048,float32,feature_projection,8,1,0.015947250001772773,34091008,,1,duckdb_default,2026-09-23T18:56:56.957464+00:00,d9a4c43,,
duckdb,wide,synthetic,2000,2048,float32,feature_projection,8,2,0.01632324999809498,34091008,,1,duckdb_default,2026-09-23T18:56:56.957464+00:00,d9a4c43,,
duckdb,wide,synthetic,2000,2048,float32,vector_norm,l2,0,0.0480266659942572,34091008,,1,duckdb_default,2026-09-23T18:56:56.957464+00:00,d9a4c43,,
duckdb,wide,synthetic,2000,2048,float32,vector_norm,l2,1,0.04838108299736632,34091008,,1,duckdb_default,2026-09-23T18:56:56.957464+00:00,d9a4c43,,
duckdb,wide,synthetic,2000,2048,float32,vector_norm,l2,2,0.04822175000299467,34091008,,1,duckdb_default,2026-09-23T18:56:56.957464+00:00,d9a4c43,,
duckdb,duckdb_array,synthetic,2000,2048,float32,write,all,0,0.3449519169953419,29671426,,1,duckdb_default,2026-09-23T18:56:56.957464+00:00,d9a4c43,5797.909509883974,11874118.67624238
duckdb,duckdb_array,synthetic,2000,2048,float32,write,all,1,0.3508643329987535,29671426,,1,duckdb_default,2026-09-23T18:56:56.957464+00:00,d9a4c43,5700.208918092297,11674027.864253024
duckdb,duckdb_array,synthetic,2000,2048,float32,write,all,2,0.33308224999927916,29671426,,1,duckdb_default,2026-09-23T18:56:56.957464+00:00,d9a4c43,6004.522906892602,12297262.913316049
duckdb,duckdb_array,synthetic,2000,2048,float32,full_read,all,0,0.016204332998313475,29671426,,1,duckdb_default,2026-09-23T18:56:56.957464+00:00,d9a4c43,,
duckdb,duckdb_array,synthetic,2000,2048,float32,full_read,all,1,0.01836416700098198,29671426,,1,duckdb_default,2026-09-23T18:56:56.957464+00:00,d9a4c43,,
duckdb,duckdb_array,synthetic,2000,2048,float32,full_read,all,2,0.01713041600305587,29671426,,1,duckdb_default,2026-09-23T18:56:56.957464+00:00,d9a4c43,,
duckdb,duckdb_array,synthetic,2000,2048,float32,matrix_materialization,all,0,0.019246125004428905,29671426,,1,duckdb_default,2026-09-23T18:56:56.957464+00:00,d9a4c43,,
duckdb,duckdb_array,synthetic,2000,2048,float32,matrix_materialization,all,1,0.01839004200155614,29671426,,1,duckdb_default,2026-09-23T18:56:56.957464+00:00,d9a4c43,,
duckdb,duckdb_array,synthetic,2000,2048,float32,matrix_materialization,all,2,0.02000370799942175,29671426,,1,duckdb_default,2026-09-23T18:56:56.957464+00:00,d9a4c43,,
duckdb,duckdb_array,synthetic,2000,2048,float32,random_rows,128,0,0.019082999999227468,29671426,,1,duckdb_default,2026-09-23T18:56:56.957464+00:00,d9a4c43,,
duckdb,duckdb_array,synthetic,2000,2048,float32,random_rows,128,1,0.018952250000438653,29671426,,1,duckdb_default,2026-09-23T18:56:56.957464+00:00,d9a4c43,,
duckdb,duckdb_array,synthetic,2000,2048,float32,random_rows,128,2,0.018835916998796165,29671426,,1,duckdb_default,2026-09-23T18:56:56.957464+00:00,d9a4c43,,
duckdb,duckdb_array,synthetic,2000,2048,float32,feature_projection,8,0,0.011353207999491133,29671426,,1,duckdb_default,2026-09-23T18:56:56.957464+00:00,d9a4c43,,
duckdb,duckdb_array,synthetic,2000,2048,float32,feature_projection,8,1,0.01147033300367184,29671426,,1,duckdb_default,2026-09-23T18:56:56.957464+00:00,d9a4c43,,
duckdb,duckdb_array,synthetic,2000,2048,float32,feature_projection,8,2,0.011362042001564987,29671426,,1,duckdb_default,2026-09-23T18:56:56.957464+00:00,d9a4c43,,
duckdb,duckdb_array,synthetic,2000,2048,float32,vector_norm,l2,0,0.019394916998862755,29671426,,1,duckdb_default,2026-09-23T18:56:56.957464+00:00,d9a4c43,,
duckdb,duckdb_array,synthetic,2000,2048,float32,vector_norm,l2,1,0.019175666995579377,29671426,,1,duckdb_default,2026-09-23T18:56:56.957464+00:00,d9a4c43,,
duckdb,duckdb_array,synthetic,2000,2048,float32,vector_norm,l2,2,0.019653875002404675,29671426,,1,duckdb_default,2026-09-23T18:56:56.957464+00:00,d9a4c43,,
csv,wide,synthetic,2000,4096,float32,write,all,0,2.6505846669970197,89471792,,1,none,2026-09-23T18:56:56.957464+00:00,d9a4c43,754.5505053667652,3090638.86998227
csv,wide,synthetic,2000,4096,float32,write,all,1,2.6817187499982538,89471792,,1,none,2026-09-23T18:56:56.957464+00:00,d9a4c43,745.7903629906389,3054757.326809657
csv,wide,synthetic,2000,4096,float32,write,all,2,2.755429083001218,89471792,,1,none,2026-09-23T18:56:56.957464+00:00,d9a4c43,725.8397656968898,2973039.6802944606
csv,wide,synthetic,2000,4096,float32,full_read,all,0,0.5054879170056665,89471792,,1,none,2026-09-23T18:56:56.957464+00:00,d9a4c43,,
csv,wide,synthetic,2000,4096,float32,full_read,all,1,0.5048572500018054,89471792,,1,none,2026-09-23T18:56:56.957464+00:00,d9a4c43,,
csv,wide,synthetic,2000,4096,float32,full_read,all,2,0.4926352920010686,89471792,,1,none,2026-09-23T18:56:56.957464+00:00,d9a4c43,,
csv,wide,synthetic,2000,4096,float32,matrix_materialization,all,0,0.5005111249993206,89471792,,1,none,2026-09-23T18:56:56.957464+00:00,d9a4c43,,
csv,wide,synthetic,2000,4096,float32,matrix_materialization,all,1,0.4980152500065742,89471792,,1,none,2026-09-23T18:56:56.957464+00:00,d9a4c43,,
csv,wide,synthetic,2000,4096,float32,matrix_materialization,all,2,0.50636170800135,89471792,,1,none,2026-09-23T18:56:56.957464+00:00,d9a4c43,,
csv,wide,synthetic,2000,4096,float32,random_rows,128,0,0.5036178329974064,89471792,,1,none,2026-09-23T18:56:56.957464+00:00,d9a4c43,,
csv,wide,synthetic,2000,4096,float32,random_rows,128,1,0.5330820000017411,89471792,,1,none,2026-09-23T18:56:56.957464+00:00,d9a4c43,,
csv,wide,synthetic,2000,4096,float32,random_rows,128,2,0.5060118340043118,89471792,,1,none,2026-09-23T18:56:56.957464+00:00,d9a4c43,,
csv,wide,synthetic,2000,4096,float32,feature_projection,8,0,0.150862499998766,89471792,,1,none,2026-09-23T18:56:56.957464+00:00,d9a4c43,,
csv,wide,synthetic,2000,4096,float32,feature_projection,8,1,0.15810570799658308,89471792,,1,none,2026-09-23T18:56:56.957464+00:00,d9a4c43,,
csv,wide,synthetic,2000,4096,float32,feature_projection,8,2,0.1554890420011361,89471792,,1,none,2026-09-23T18:56:56.957464+00:00,d9a4c43,,
csv,wide,synthetic,2000,4096,float32,vector_norm,l2,0,0.49961804100166773,89471792,,1,none,2026-09-23T18:56:56.957464+00:00,d9a4c43,,
csv,wide,synthetic,2000,4096,float32,vector_norm,l2,1,0.503051375002542,89471792,,1,none,2026-09-23T18:56:56.957464+00:00,d9a4c43,,
csv,wide,synthetic,2000,4096,float32,vector_norm,l2,2,0.4988903340054094,89471792,,1,none,2026-09-23T18:56:56.957464+00:00,d9a4c43,,
csv,delimited_array,synthetic,2000,4096,float32,write,all,0,4.1127964580009575,99747818,,1,none,2026-09-23T18:56:56.957464+00:00,d9a4c43,486.28713344401893,1991832.0985867016
csv,delimited_array,synthetic,2000,4096,float32,write,all,1,4.110129542001232,99747818,,1,none,2026-09-23T18:56:56.957464+00:00,d9a4c43,486.6026677655992,1993124.5271678944
csv,delimited_array,synthetic,2000,4096,float32,write,all,2,4.060461583001597,99747818,,1,none,2026-09-23T18:56:56.957464+00:00,d9a4c43,492.55483868450955,2017504.619251751
csv,delimited_array,synthetic,2000,4096,float32,full_read,all,0,0.4461076670049806,99747818,,1,none,2026-09-23T18:56:56.957464+00:00,d9a4c43,,
csv,delimited_array,synthetic,2000,4096,float32,full_read,all,1,0.4592130829987582,99747818,,1,none,2026-09-23T18:56:56.957464+00:00,d9a4c43,,
csv,delimited_array,synthetic,2000,4096,float32,full_read,all,2,0.44980049999867333,99747818,,1,none,2026-09-23T18:56:56.957464+00:00,d9a4c43,,
csv,delimited_array,synthetic,2000,4096,float32,matrix_materialization,all,0,0.8035860000018147,99747818,,1,none,2026-09-23T18:56:56.957464+00:00,d9a4c43,,
csv,delimited_array,synthetic,2000,4096,float32,matrix_materialization,all,1,0.8409079170014593,99747818,,1,none,2026-09-23T18:56:56.957464+00:00,d9a4c43,,
csv,delimited_array,synthetic,2000,4096,float32,matrix_materialization,all,2,0.8107972500001779,99747818,,1,none,2026-09-23T18:56:56.957464+00:00,d9a4c43,,
csv,delimited_array,synthetic,2000,4096,float32,random_rows,128,0,0.8200689580044127,99747818,,1,none,2026-09-23T18:56:56.957464+00:00,d9a4c43,,
csv,delimited_array,synthetic,2000,4096,float32,random_rows,128,1,0.8237922500047716,99747818,,1,none,2026-09-23T18:56:56.957464+00:00,d9a4c43,,
csv,delimited_array,synthetic,2000,4096,float32,random_rows,128,2,0.8348229999974137,99747818,,1,none,2026-09-23T18:56:56.957464+00:00,d9a4c43,,
csv,delimited_array,synthetic,2000,4096,float32,feature_projection,8,0,0.8309293749989592,99747818,,1,none,2026-09-23T18:56:56.957464+00:00,d9a4c43,,
csv,delimited_array,synthetic,2000,4096,float32,feature_projection,8,1,0.8256953750023968,99747818,,1,none,2026-09-23T18:56:56.957464+00:00,d9a4c43,,
csv,delimited_array,synthetic,2000,4096,float32,feature_projection,8,2,0.8110877920044004,99747818,,1,none,2026-09-23T18:56:56.957464+00:00,d9a4c43,,
csv,delimited_array,synthetic,2000,4096,float32,vector_norm,l2,0,0.8161410839966265,99747818,,1,none,2026-09-23T18:56:56.957464+00:00,d9a4c43,,
csv,delimited_array,synthetic,2000,4096,float32,vector_norm,l2,1,0.8274863750048098,99747818,,1,none,2026-09-23T18:56:56.957464+00:00,d9a4c43,,
csv,delimited_array,synthetic,2000,4096,float32,vector_norm,l2,2,0.8306080000038492,99747818,,1,none,2026-09-23T18:56:56.957464+00:00,d9a4c43,,
csv,json_array,synthetic,2000,4096,float32,write,all,0,3.25127245800104,160949753,,1,none,2026-09-23T18:56:56.957464+00:00,d9a4c43,615.1437708882903,2519628.885558437
csv,json_array,synthetic,2000,4096,float32,write,all,1,3.230591874998936,160949753,,1,none,2026-09-23T18:56:56.957464+00:00,d9a4c43,619.0816040483785,2535758.2501821583
csv,json_array,synthetic,2000,4096,float32,write,all,2,3.16370720800478,160949753,,1,none,2026-09-23T18:56:56.957464+00:00,d9a4c43,632.1697516570497,2589367.3027872755
csv,json_array,synthetic,2000,4096,float32,full_read,all,0,0.6937896659947,160949753,,1,none,2026-09-23T18:56:56.957464+00:00,d9a4c43,,
csv,json_array,synthetic,2000,4096,float32,full_read,all,1,0.6952965000018594,160949753,,1,none,2026-09-23T18:56:56.957464+00:00,d9a4c43,,
csv,json_array,synthetic,2000,4096,float32,full_read,all,2,0.6886832920063171,160949753,,1,none,2026-09-23T18:56:56.957464+00:00,d9a4c43,,
csv,json_array,synthetic,2000,4096,float32,matrix_materialization,all,0,1.7768932089966256,160949753,,1,none,2026-09-23T18:56:56.957464+00:00,d9a4c43,,
csv,json_array,synthetic,2000,4096,float32,matrix_materialization,all,1,1.773987250002392,160949753,,1,none,2026-09-23T18:56:56.957464+00:00,d9a4c43,,
csv,json_array,synthetic,2000,4096,float32,matrix_materialization,all,2,1.8176326660031918,160949753,,1,none,2026-09-23T18:56:56.957464+00:00,d9a4c43,,
csv,json_array,synthetic,2000,4096,float32,random_rows,128,0,1.7678670409950428,160949753,,1,none,2026-09-23T18:56:56.957464+00:00,d9a4c43,,
csv,json_array,synthetic,2000,4096,float32,random_rows,128,1,1.7858166669975617,160949753,,1,none,2026-09-23T18:56:56.957464+00:00,d9a4c43,,
csv,json_array,synthetic,2000,4096,float32,random_rows,128,2,1.7699958749944926,160949753,,1,none,2026-09-23T18:56:56.957464+00:00,d9a4c43,,
csv,json_array,synthetic,2000,4096,float32,feature_projection,8,0,1.7691519580039312,160949753,,1,none,2026-09-23T18:56:56.957464+00:00,d9a4c43,,
csv,json_array,synthetic,2000,4096,float32,feature_projection,8,1,1.7653575000003912,160949753,,1,none,2026-09-23T18:56:56.957464+00:00,d9a4c43,,
csv,json_array,synthetic,2000,4096,float32,feature_projection,8,2,1.7949853749960312,160949753,,1,none,2026-09-23T18:56:56.957464+00:00,d9a4c43,,
csv,json_array,synthetic,2000,4096,float32,vector_norm,l2,0,1.7870727080007782,160949753,,1,none,2026-09-23T18:56:56.957464+00:00,d9a4c43,,
csv,json_array,synthetic,2000,4096,float32,vector_norm,l2,1,1.816289250004047,160949753,,1,none,2026-09-23T18:56:56.957464+00:00,d9a4c43,,
csv,json_array,synthetic,2000,4096,float32,vector_norm,l2,2,1.7798787919964525,160949753,,1,none,2026-09-23T18:56:56.957464+00:00,d9a4c43,,
vortex,wide,synthetic,2000,4096,float32,write,all,0,1.2660035840017372,33764920,,1,none,2026-09-23T18:56:56.957464+00:00,d9a4c43,1579.774358677689,6470755.773143814
vortex,wide,synthetic,2000,4096,float32,write,all,1,1.2716891660020337,33764920,,1,none,2026-09-23T18:56:56.957464+00:00,d9a4c43,1572.7113617611817,6441825.7377738
vortex,wide,synthetic,2000,4096,float32,write,all,2,1.261943124998652,33764920,,1,none,2026-09-23T18:56:56.957464+00:00,d9a4c43,1584.8574792165348,6491576.2348709265
vortex,wide,synthetic,2000,4096,float32,full_read,all,0,0.05931008300103713,33764920,,1,none,2026-09-23T18:56:56.957464+00:00,d9a4c43,,
vortex,wide,synthetic,2000,4096,float32,full_read,all,1,0.06310358299379004,33764920,,1,none,2026-09-23T18:56:56.957464+00:00,d9a4c43,,
vortex,wide,synthetic,2000,4096,float32,full_read,all,2,0.060349375002260786,33764920,,1,none,2026-09-23T18:56:56.957464+00:00,d9a4c43,,
vortex,wide,synthetic,2000,4096,float32,matrix_materialization,all,0,0.08184650000475813,33764920,,1,none,2026-09-23T18:56:56.957464+00:00,d9a4c43,,
vortex,wide,synthetic,2000,4096,float32,matrix_materialization,all,1,0.07813708300091093,33764920,,1,none,2026-09-23T18:56:56.957464+00:00,d9a4c43,,
vortex,wide,synthetic,2000,4096,float32,matrix_materialization,all,2,0.07754691599984653,33764920,,1,none,2026-09-23T18:56:56.957464+00:00,d9a4c43,,
vortex,wide,synthetic,2000,4096,float32,random_rows,128,0,0.08353337500011548,33764920,,1,none,2026-09-23T18:56:56.957464+00:00,d9a4c43,,
vortex,wide,synthetic,2000,4096,float32,random_rows,128,1,0.08225729200057685,33764920,,1,none,2026-09-23T18:56:56.957464+00:00,d9a4c43,,
vortex,wide,synthetic,2000,4096,float32,random_rows,128,2,0.07944591700652381,33764920,,1,none,2026-09-23T18:56:56.957464+00:00,d9a4c43,,
vortex,wide,synthetic,2000,4096,float32,feature_projection,8,0,0.06565175000287127,33764920,,1,none,2026-09-23T18:56:56.957464+00:00,d9a4c43,,
vortex,wide,synthetic,2000,4096,float32,feature_projection,8,1,0.06731516600120813,33764920,,1,none,2026-09-23T18:56:56.957464+00:00,d9a4c43,,
vortex,wide,synthetic,2000,4096,float32,feature_projection,8,2,0.0662663330003852,33764920,,1,none,2026-09-23T18:56:56.957464+00:00,d9a4c43,,
vortex,wide,synthetic,2000,4096,float32,vector_norm,l2,0,0.08212179200199898,33764920,,1,none,2026-09-23T18:56:56.957464+00:00,d9a4c43,,
vortex,wide,synthetic,2000,4096,float32,vector_norm,l2,1,0.08290720800141571,33764920,,1,none,2026-09-23T18:56:56.957464+00:00,d9a4c43,,
vortex,wide,synthetic,2000,4096,float32,vector_norm,l2,2,0.07993224999518134,33764920,,1,none,2026-09-23T18:56:56.957464+00:00,d9a4c43,,
vortex,fixed_array,synthetic,2000,4096,float32,write,all,0,0.033349167002597824,28978254,,1,none,2026-09-23T18:56:56.957464+00:00,d9a4c43,59971.512926970696,245643316.94887197
vortex,fixed_array,synthetic,2000,4096,float32,write,all,1,0.03953433300193865,28978254,,1,none,2026-09-23T18:56:56.957464+00:00,d9a4c43,50588.93999557108,207212298.22185916
vortex,fixed_array,synthetic,2000,4096,float32,write,all,2,0.02611145900300471,28978254,,1,none,2026-09-23T18:56:56.957464+00:00,d9a4c43,76594.72416956307,313731990.1985303
vortex,fixed_array,synthetic,2000,4096,float32,full_read,all,0,0.002222332994278986,28978254,,1,none,2026-09-23T18:56:56.957464+00:00,d9a4c43,,
vortex,fixed_array,synthetic,2000,4096,float32,full_read,all,1,0.0022050409970688634,28978254,,1,none,2026-09-23T18:56:56.957464+00:00,d9a4c43,,
vortex,fixed_array,synthetic,2000,4096,float32,full_read,all,2,0.0020362080031191,28978254,,1,none,2026-09-23T18:56:56.957464+00:00,d9a4c43,,
vortex,fixed_array,synthetic,2000,4096,float32,matrix_materialization,all,0,0.0031040829999255948,28978254,,1,none,2026-09-23T18:56:56.957464+00:00,d9a4c43,,
vortex,fixed_array,synthetic,2000,4096,float32,matrix_materialization,all,1,0.004423250000400003,28978254,,1,none,2026-09-23T18:56:56.957464+00:00,d9a4c43,,
vortex,fixed_array,synthetic,2000,4096,float32,matrix_materialization,all,2,0.0031040410030982457,28978254,,1,none,2026-09-23T18:56:56.957464+00:00,d9a4c43,,
vortex,fixed_array,synthetic,2000,4096,float32,random_rows,128,0,0.00285687499854248,28978254,,1,none,2026-09-23T18:56:56.957464+00:00,d9a4c43,,
vortex,fixed_array,synthetic,2000,4096,float32,random_rows,128,1,0.0028094160006730817,28978254,,1,none,2026-09-23T18:56:56.957464+00:00,d9a4c43,,
vortex,fixed_array,synthetic,2000,4096,float32,random_rows,128,2,0.002753666994976811,28978254,,1,none,2026-09-23T18:56:56.957464+00:00,d9a4c43,,
vortex,fixed_array,synthetic,2000,4096,float32,feature_projection,8,0,0.002786915996694006,28978254,,1,none,2026-09-23T18:56:56.957464+00:00,d9a4c43,,
vortex,fixed_array,synthetic,2000,4096,float32,feature_projection,8,1,0.0027585830030147918,28978254,,1,none,2026-09-23T18:56:56.957464+00:00,d9a4c43,,
vortex,fixed_array,synthetic,2000,4096,float32,feature_projection,8,2,0.002854708996892441,28978254,,1,none,2026-09-23T18:56:56.957464+00:00,d9a4c43,,
vortex,fixed_array,synthetic,2000,4096,float32,vector_norm,l2,0,0.004536042004474439,28978254,,1,none,2026-09-23T18:56:56.957464+00:00,d9a4c43,,
vortex,fixed_array,synthetic,2000,4096,float32,vector_norm,l2,1,0.004429624998010695,28978254,,1,none,2026-09-23T18:56:56.957464+00:00,d9a4c43,,
vortex,fixed_array,synthetic,2000,4096,float32,vector_norm,l2,2,0.004322749999118969,28978254,,1,none,2026-09-23T18:56:56.957464+00:00,d9a4c43,,
lance,wide,synthetic,2000,4096,float32,write,all,0,0.23521674999938114,35638695,,1,lance_default,2026-09-23T18:56:56.957464+00:00,d9a4c43,8502.79582557476,34827451.70155422
lance,wide,synthetic,2000,4096,float32,write,all,1,0.24384112499683397,35638694,,1,lance_default,2026-09-23T18:56:56.957464+00:00,d9a4c43,8202.061895941335,33595645.52577571
lance,wide,synthetic,2000,4096,float32,write,all,2,0.2534005839988822,35638694,,1,lance_default,2026-09-23T18:56:56.957464+00:00,d9a4c43,7892.641636567114,32328260.1433789
lance,wide,synthetic,2000,4096,float32,full_read,all,0,0.17971058299735887,35638694,,1,lance_default,2026-09-23T18:56:56.957464+00:00,d9a4c43,,
lance,wide,synthetic,2000,4096,float32,full_read,all,1,0.18547745800606208,35638694,,1,lance_default,2026-09-23T18:56:56.957464+00:00,d9a4c43,,
lance,wide,synthetic,2000,4096,float32,full_read,all,2,0.18289033400651533,35638694,,1,lance_default,2026-09-23T18:56:56.957464+00:00,d9a4c43,,
lance,wide,synthetic,2000,4096,float32,matrix_materialization,all,0,2.7871473749983124,35638694,,1,lance_default,2026-09-23T18:56:56.957464+00:00,d9a4c43,,
lance,wide,synthetic,2000,4096,float32,matrix_materialization,all,1,2.8384014159964863,35638694,,1,lance_default,2026-09-23T18:56:56.957464+00:00,d9a4c43,,
lance,wide,synthetic,2000,4096,float32,matrix_materialization,all,2,2.805363166000461,35638694,,1,lance_default,2026-09-23T18:56:56.957464+00:00,d9a4c43,,
lance,wide,synthetic,2000,4096,float32,random_rows,128,0,2.8098779170031776,35638694,,1,lance_default,2026-09-23T18:56:56.957464+00:00,d9a4c43,,
lance,wide,synthetic,2000,4096,float32,random_rows,128,1,2.8236357910063816,35638694,,1,lance_default,2026-09-23T18:56:56.957464+00:00,d9a4c43,,
lance,wide,synthetic,2000,4096,float32,random_rows,128,2,2.943369749998965,35638694,,1,lance_default,2026-09-23T18:56:56.957464+00:00,d9a4c43,,
lance,wide,synthetic,2000,4096,float32,feature_projection,8,0,0.03088587500678841,35638694,,1,lance_default,2026-09-23T18:56:56.957464+00:00,d9a4c43,,
lance,wide,synthetic,2000,4096,float32,feature_projection,8,1,0.029908042000897694,35638694,,1,lance_default,2026-09-23T18:56:56.957464+00:00,d9a4c43,,
lance,wide,synthetic,2000,4096,float32,feature_projection,8,2,0.029969458999403287,35638694,,1,lance_default,2026-09-23T18:56:56.957464+00:00,d9a4c43,,
lance,wide,synthetic,2000,4096,float32,vector_norm,l2,0,2.7805846670016763,35638694,,1,lance_default,2026-09-23T18:56:56.957464+00:00,d9a4c43,,
lance,wide,synthetic,2000,4096,float32,vector_norm,l2,1,2.7795849589965655,35638694,,1,lance_default,2026-09-23T18:56:56.957464+00:00,d9a4c43,,
lance,wide,synthetic,2000,4096,float32,vector_norm,l2,2,2.7813023749986314,35638694,,1,lance_default,2026-09-23T18:56:56.957464+00:00,d9a4c43,,
lance,fixed_array,synthetic,2000,4096,float32,write,all,0,0.04482112499681534,32887270,,1,lance_default,2026-09-23T18:56:56.957464+00:00,d9a4c43,44621.81616686563,182770959.01948163
lance,fixed_array,synthetic,2000,4096,float32,write,all,1,0.04173258400260238,32887269,,1,lance_default,2026-09-23T18:56:56.957464+00:00,d9a4c43,47924.18317244106,196297454.27431858
lance,fixed_array,synthetic,2000,4096,float32,write,all,2,0.040443041994876694,32887269,,1,lance_default,2026-09-23T18:56:56.957464+00:00,d9a4c43,49452.26425483422,202556474.38780096
lance,fixed_array,synthetic,2000,4096,float32,full_read,all,0,0.0034081250050803646,32887269,,1,lance_default,2026-09-23T18:56:56.957464+00:00,d9a4c43,,
lance,fixed_array,synthetic,2000,4096,float32,full_read,all,1,0.003519083002174739,32887269,,1,lance_default,2026-09-23T18:56:56.957464+00:00,d9a4c43,,
lance,fixed_array,synthetic,2000,4096,float32,full_read,all,2,0.0033355420018779114,32887269,,1,lance_default,2026-09-23T18:56:56.957464+00:00,d9a4c43,,
lance,fixed_array,synthetic,2000,4096,float32,matrix_materialization,all,0,0.004712999994808342,32887269,,1,lance_default,2026-09-23T18:56:56.957464+00:00,d9a4c43,,
lance,fixed_array,synthetic,2000,4096,float32,matrix_materialization,all,1,0.005714166996767744,32887269,,1,lance_default,2026-09-23T18:56:56.957464+00:00,d9a4c43,,
lance,fixed_array,synthetic,2000,4096,float32,matrix_materialization,all,2,0.004572541001834907,32887269,,1,lance_default,2026-09-23T18:56:56.957464+00:00,d9a4c43,,
lance,fixed_array,synthetic,2000,4096,float32,random_rows,128,0,0.004374542004370596,32887269,,1,lance_default,2026-09-23T18:56:56.957464+00:00,d9a4c43,,
lance,fixed_array,synthetic,2000,4096,float32,random_rows,128,1,0.00451954199525062,32887269,,1,lance_default,2026-09-23T18:56:56.957464+00:00,d9a4c43,,
lance,fixed_array,synthetic,2000,4096,float32,random_rows,128,2,0.004228416000842117,32887269,,1,lance_default,2026-09-23T18:56:56.957464+00:00,d9a4c43,,
lance,fixed_array,synthetic,2000,4096,float32,feature_projection,8,0,0.004080792001332156,32887269,,1,lance_default,2026-09-23T18:56:56.957464+00:00,d9a4c43,,
lance,fixed_array,synthetic,2000,4096,float32,feature_projection,8,1,0.004220625000016298,32887269,,1,lance_default,2026-09-23T18:56:56.957464+00:00,d9a4c43,,
lance,fixed_array,synthetic,2000,4096,float32,feature_projection,8,2,0.004300708002119791,32887269,,1,lance_default,2026-09-23T18:56:56.957464+00:00,d9a4c43,,
lance,fixed_array,synthetic,2000,4096,float32,vector_norm,l2,0,0.005878541000129189,32887269,,1,lance_default,2026-09-23T18:56:56.957464+00:00,d9a4c43,,
lance,fixed_array,synthetic,2000,4096,float32,vector_norm,l2,1,0.005914542001846712,32887269,,1,lance_default,2026-09-23T18:56:56.957464+00:00,d9a4c43,,
lance,fixed_array,synthetic,2000,4096,float32,vector_norm,l2,2,0.005805875000078231,32887269,,1,lance_default,2026-09-23T18:56:56.957464+00:00,d9a4c43,,
parquet,wide,synthetic,2000,4096,float32,write,all,0,0.4179415420003352,46432115,,1,snappy,2026-09-23T18:56:56.957464+00:00,d9a4c43,4785.358235574477,19600827.332913056
parquet,wide,synthetic,2000,4096,float32,write,all,1,0.3904060839995509,46432115,,1,snappy,2026-09-23T18:56:56.957464+00:00,d9a4c43,5122.870984772616,20983279.553628635
parquet,wide,synthetic,2000,4096,float32,write,all,2,0.40768195900454884,46432115,,1,snappy,2026-09-23T18:56:56.957464+00:00,d9a4c43,4905.7849037113865,20094094.96560184
parquet,wide,synthetic,2000,4096,float32,full_read,all,0,0.04764370799966855,46432115,,1,snappy,2026-09-23T18:56:56.957464+00:00,d9a4c43,,
parquet,wide,synthetic,2000,4096,float32,full_read,all,1,0.04916729199612746,46432115,,1,snappy,2026-09-23T18:56:56.957464+00:00,d9a4c43,,
parquet,wide,synthetic,2000,4096,float32,full_read,all,2,0.04913108400069177,46432115,,1,snappy,2026-09-23T18:56:56.957464+00:00,d9a4c43,,
parquet,wide,synthetic,2000,4096,float32,matrix_materialization,all,0,0.0657417499969597,46432115,,1,snappy,2026-09-23T18:56:56.957464+00:00,d9a4c43,,
parquet,wide,synthetic,2000,4096,float32,matrix_materialization,all,1,0.06472408300032839,46432115,,1,snappy,2026-09-23T18:56:56.957464+00:00,d9a4c43,,
parquet,wide,synthetic,2000,4096,float32,matrix_materialization,all,2,0.06393204200139735,46432115,,1,snappy,2026-09-23T18:56:56.957464+00:00,d9a4c43,,
parquet,wide,synthetic,2000,4096,float32,random_rows,128,0,0.06540079099795548,46432115,,1,snappy,2026-09-23T18:56:56.957464+00:00,d9a4c43,,
parquet,wide,synthetic,2000,4096,float32,random_rows,128,1,0.06359545799932675,46432115,,1,snappy,2026-09-23T18:56:56.957464+00:00,d9a4c43,,
parquet,wide,synthetic,2000,4096,float32,random_rows,128,2,0.06383041600201977,46432115,,1,snappy,2026-09-23T18:56:56.957464+00:00,d9a4c43,,
parquet,wide,synthetic,2000,4096,float32,feature_projection,8,0,0.018563332996563986,46432115,,1,snappy,2026-09-23T18:56:56.957464+00:00,d9a4c43,,
parquet,wide,synthetic,2000,4096,float32,feature_projection,8,1,0.019937334000132978,46432115,,1,snappy,2026-09-23T18:56:56.957464+00:00,d9a4c43,,
parquet,wide,synthetic,2000,4096,float32,feature_projection,8,2,0.019306832997244783,46432115,,1,snappy,2026-09-23T18:56:56.957464+00:00,d9a4c43,,
parquet,wide,synthetic,2000,4096,float32,vector_norm,l2,0,0.06510058300045785,46432115,,1,snappy,2026-09-23T18:56:56.957464+00:00,d9a4c43,,
parquet,wide,synthetic,2000,4096,float32,vector_norm,l2,1,0.06453687500470551,46432115,,1,snappy,2026-09-23T18:56:56.957464+00:00,d9a4c43,,
parquet,wide,synthetic,2000,4096,float32,vector_norm,l2,2,0.06490358399605611,46432115,,1,snappy,2026-09-23T18:56:56.957464+00:00,d9a4c43,,
parquet,fixed_array,synthetic,2000,4096,float32,write,all,0,0.12132187500537839,33491676,,1,snappy,2026-09-23T18:56:56.957464+00:00,d9a4c43,16485.073280571512,67522860.15722091
parquet,fixed_array,synthetic,2000,4096,float32,write,all,1,0.0849281670016353,33491676,,1,snappy,2026-09-23T18:56:56.957464+00:00,d9a4c43,23549.313150270744,96457986.66350897
parquet,fixed_array,synthetic,2000,4096,float32,write,all,2,0.09177787500084378,33491676,,1,snappy,2026-09-23T18:56:56.957464+00:00,d9a4c43,21791.744469803998,89258985.34831718
parquet,fixed_array,synthetic,2000,4096,float32,full_read,all,0,0.01908016699599102,33491676,,1,snappy,2026-09-23T18:56:56.957464+00:00,d9a4c43,,
parquet,fixed_array,synthetic,2000,4096,float32,full_read,all,1,0.017985124999540858,33491676,,1,snappy,2026-09-23T18:56:56.957464+00:00,d9a4c43,,
parquet,fixed_array,synthetic,2000,4096,float32,full_read,all,2,0.016547874998650514,33491676,,1,snappy,2026-09-23T18:56:56.957464+00:00,d9a4c43,,
parquet,fixed_array,synthetic,2000,4096,float32,matrix_materialization,all,0,0.018170916999224573,33491676,,1,snappy,2026-09-23T18:56:56.957464+00:00,d9a4c43,,
parquet,fixed_array,synthetic,2000,4096,float32,matrix_materialization,all,1,0.017480415997852106,33491676,,1,snappy,2026-09-23T18:56:56.957464+00:00,d9a4c43,,
parquet,fixed_array,synthetic,2000,4096,float32,matrix_materialization,all,2,0.017453458000090905,33491676,,1,snappy,2026-09-23T18:56:56.957464+00:00,d9a4c43,,
parquet,fixed_array,synthetic,2000,4096,float32,random_rows,128,0,0.017704334000882227,33491676,,1,snappy,2026-09-23T18:56:56.957464+00:00,d9a4c43,,
parquet,fixed_array,synthetic,2000,4096,float32,random_rows,128,1,0.017966666993743274,33491676,,1,snappy,2026-09-23T18:56:56.957464+00:00,d9a4c43,,
parquet,fixed_array,synthetic,2000,4096,float32,random_rows,128,2,0.020873415996902622,33491676,,1,snappy,2026-09-23T18:56:56.957464+00:00,d9a4c43,,
parquet,fixed_array,synthetic,2000,4096,float32,feature_projection,8,0,0.018978416002937593,33491676,,1,snappy,2026-09-23T18:56:56.957464+00:00,d9a4c43,,
parquet,fixed_array,synthetic,2000,4096,float32,feature_projection,8,1,0.01913066700217314,33491676,,1,snappy,2026-09-23T18:56:56.957464+00:00,d9a4c43,,
parquet,fixed_array,synthetic,2000,4096,float32,feature_projection,8,2,0.018197582998254802,33491676,,1,snappy,2026-09-23T18:56:56.957464+00:00,d9a4c43,,
parquet,fixed_array,synthetic,2000,4096,float32,vector_norm,l2,0,0.019113499998638872,33491676,,1,snappy,2026-09-23T18:56:56.957464+00:00,d9a4c43,,
parquet,fixed_array,synthetic,2000,4096,float32,vector_norm,l2,1,0.01922529099829262,33491676,,1,snappy,2026-09-23T18:56:56.957464+00:00,d9a4c43,,
parquet,fixed_array,synthetic,2000,4096,float32,vector_norm,l2,2,0.01923075000377139,33491676,,1,snappy,2026-09-23T18:56:56.957464+00:00,d9a4c43,,
duckdb,wide,synthetic,2000,4096,float32,write,all,0,0.9706192499943427,67907584,,1,duckdb_default,2026-09-23T18:56:56.957464+00:00,d9a4c43,2060.540216992046,8439972.728799421
duckdb,wide,synthetic,2000,4096,float32,write,all,1,0.9704526249988703,67907584,,1,duckdb_default,2026-09-23T18:56:56.957464+00:00,d9a4c43,2060.894008094757,8441421.857156124
duckdb,wide,synthetic,2000,4096,float32,write,all,2,0.955270833997929,67907584,,1,duckdb_default,2026-09-23T18:56:56.957464+00:00,d9a4c43,2093.6470881558766,8575578.47308647
duckdb,wide,synthetic,2000,4096,float32,full_read,all,0,0.10186004199931631,67907584,,1,duckdb_default,2026-09-23T18:56:56.957464+00:00,d9a4c43,,
duckdb,wide,synthetic,2000,4096,float32,full_read,all,1,0.10192629099765327,67907584,,1,duckdb_default,2026-09-23T18:56:56.957464+00:00,d9a4c43,,
duckdb,wide,synthetic,2000,4096,float32,full_read,all,2,0.10495933399943169,67907584,,1,duckdb_default,2026-09-23T18:56:56.957464+00:00,d9a4c43,,
duckdb,wide,synthetic,2000,4096,float32,matrix_materialization,all,0,0.10127670899964869,67907584,,1,duckdb_default,2026-09-23T18:56:56.957464+00:00,d9a4c43,,
duckdb,wide,synthetic,2000,4096,float32,matrix_materialization,all,1,0.10075779099861393,67907584,,1,duckdb_default,2026-09-23T18:56:56.957464+00:00,d9a4c43,,
duckdb,wide,synthetic,2000,4096,float32,matrix_materialization,all,2,0.10369275000266498,67907584,,1,duckdb_default,2026-09-23T18:56:56.957464+00:00,d9a4c43,,
duckdb,wide,synthetic,2000,4096,float32,random_rows,128,0,0.1043726250063628,67907584,,1,duckdb_default,2026-09-23T18:56:56.957464+00:00,d9a4c43,,
duckdb,wide,synthetic,2000,4096,float32,random_rows,128,1,0.10691708399826894,67907584,,1,duckdb_default,2026-09-23T18:56:56.957464+00:00,d9a4c43,,
duckdb,wide,synthetic,2000,4096,float32,random_rows,128,2,0.10673495800438104,67907584,,1,duckdb_default,2026-09-23T18:56:56.957464+00:00,d9a4c43,,
duckdb,wide,synthetic,2000,4096,float32,feature_projection,8,0,0.029167958004109096,67907584,,1,duckdb_default,2026-09-23T18:56:56.957464+00:00,d9a4c43,,
duckdb,wide,synthetic,2000,4096,float32,feature_projection,8,1,0.028173375001642853,67907584,,1,duckdb_default,2026-09-23T18:56:56.957464+00:00,d9a4c43,,
duckdb,wide,synthetic,2000,4096,float32,feature_projection,8,2,0.028111874999012798,67907584,,1,duckdb_default,2026-09-23T18:56:56.957464+00:00,d9a4c43,,
duckdb,wide,synthetic,2000,4096,float32,vector_norm,l2,0,0.10273862499889219,67907584,,1,duckdb_default,2026-09-23T18:56:56.957464+00:00,d9a4c43,,
duckdb,wide,synthetic,2000,4096,float32,vector_norm,l2,1,0.1025430410008994,67907584,,1,duckdb_default,2026-09-23T18:56:56.957464+00:00,d9a4c43,,
duckdb,wide,synthetic,2000,4096,float32,vector_norm,l2,2,0.127145708000171,67907584,,1,duckdb_default,2026-09-23T18:56:56.957464+00:00,d9a4c43,,
duckdb,duckdb_array,synthetic,2000,4096,float32,write,all,0,0.7214212089966168,59068418,,1,duckdb_default,2026-09-23T18:56:56.957464+00:00,d9a4c43,2772.3055200743056,11355363.410224356
duckdb,duckdb_array,synthetic,2000,4096,float32,write,all,1,0.7135216250026133,59068418,,1,duckdb_default,2026-09-23T18:56:56.957464+00:00,d9a4c43,2802.9984374932924,11481081.599972526
duckdb,duckdb_array,synthetic,2000,4096,float32,write,all,2,0.7292917500017211,59068418,,1,duckdb_default,2026-09-23T18:56:56.957464+00:00,d9a4c43,2742.386705999732,11232815.947774902
duckdb,duckdb_array,synthetic,2000,4096,float32,full_read,all,0,0.02645949999714503,59068418,,1,duckdb_default,2026-09-23T18:56:56.957464+00:00,d9a4c43,,
duckdb,duckdb_array,synthetic,2000,4096,float32,full_read,all,1,0.02974254199943971,59068418,,1,duckdb_default,2026-09-23T18:56:56.957464+00:00,d9a4c43,,
duckdb,duckdb_array,synthetic,2000,4096,float32,full_read,all,2,0.02712979100033408,59068418,,1,duckdb_default,2026-09-23T18:56:56.957464+00:00,d9a4c43,,
duckdb,duckdb_array,synthetic,2000,4096,float32,matrix_materialization,all,0,0.03173200000310317,59068418,,1,duckdb_default,2026-09-23T18:56:56.957464+00:00,d9a4c43,,
duckdb,duckdb_array,synthetic,2000,4096,float32,matrix_materialization,all,1,0.0314034589973744,59068418,,1,duckdb_default,2026-09-23T18:56:56.957464+00:00,d9a4c43,,
duckdb,duckdb_array,synthetic,2000,4096,float32,matrix_materialization,all,2,0.03058999999484513,59068418,,1,duckdb_default,2026-09-23T18:56:56.957464+00:00,d9a4c43,,
duckdb,duckdb_array,synthetic,2000,4096,float32,random_rows,128,0,0.029811291002260987,59068418,,1,duckdb_default,2026-09-23T18:56:56.957464+00:00,d9a4c43,,
duckdb,duckdb_array,synthetic,2000,4096,float32,random_rows,128,1,0.029744499996013474,59068418,,1,duckdb_default,2026-09-23T18:56:56.957464+00:00,d9a4c43,,
duckdb,duckdb_array,synthetic,2000,4096,float32,random_rows,128,2,0.029766291998384986,59068418,,1,duckdb_default,2026-09-23T18:56:56.957464+00:00,d9a4c43,,
duckdb,duckdb_array,synthetic,2000,4096,float32,feature_projection,8,0,0.017341082995699253,59068418,,1,duckdb_default,2026-09-23T18:56:56.957464+00:00,d9a4c43,,
duckdb,duckdb_array,synthetic,2000,4096,float32,feature_projection,8,1,0.017493874998763204,59068418,,1,duckdb_default,2026-09-23T18:56:56.957464+00:00,d9a4c43,,
duckdb,duckdb_array,synthetic,2000,4096,float32,feature_projection,8,2,0.017719999996188562,59068418,,1,duckdb_default,2026-09-23T18:56:56.957464+00:00,d9a4c43,,
duckdb,duckdb_array,synthetic,2000,4096,float32,vector_norm,l2,0,0.0315942500019446,59068418,,1,duckdb_default,2026-09-23T18:56:56.957464+00:00,d9a4c43,,
duckdb,duckdb_array,synthetic,2000,4096,float32,vector_norm,l2,1,0.03140495799743803,59068418,,1,duckdb_default,2026-09-23T18:56:56.957464+00:00,d9a4c43,,
duckdb,duckdb_array,synthetic,2000,4096,float32,vector_norm,l2,2,0.03127245799987577,59068418,,1,duckdb_default,2026-09-23T18:56:56.957464+00:00,d9a4c43,,
csv,wide,synthetic,2000,8192,float32,write,all,0,5.780984624994744,178889674,,1,none,2026-09-23T18:56:56.957464+00:00,d9a4c43,345.9618265291301,2834119.282926634
csv,wide,synthetic,2000,8192,float32,write,all,1,5.927005083001859,178889674,,1,none,2026-09-23T18:56:56.957464+00:00,d9a4c43,337.4385498227137,2764296.6001476706
csv,wide,synthetic,2000,8192,float32,write,all,2,5.730617291999806,178889674,,1,none,2026-09-23T18:56:56.957464+00:00,d9a4c43,349.00254162707535,2859028.821009001
csv,wide,synthetic,2000,8192,float32,full_read,all,0,1.2492207919931388,178889674,,1,none,2026-09-23T18:56:56.957464+00:00,d9a4c43,,
csv,wide,synthetic,2000,8192,float32,full_read,all,1,1.2800718750004307,178889674,,1,none,2026-09-23T18:56:56.957464+00:00,d9a4c43,,
csv,wide,synthetic,2000,8192,float32,full_read,all,2,1.2759123330033617,178889674,,1,none,2026-09-23T18:56:56.957464+00:00,d9a4c43,,
csv,wide,synthetic,2000,8192,float32,matrix_materialization,all,0,1.3232829159969697,178889674,,1,none,2026-09-23T18:56:56.957464+00:00,d9a4c43,,
csv,wide,synthetic,2000,8192,float32,matrix_materialization,all,1,1.2978490829991642,178889674,,1,none,2026-09-23T18:56:56.957464+00:00,d9a4c43,,
csv,wide,synthetic,2000,8192,float32,matrix_materialization,all,2,1.3078752090004855,178889674,,1,none,2026-09-23T18:56:56.957464+00:00,d9a4c43,,
csv,wide,synthetic,2000,8192,float32,random_rows,128,0,1.2668597909942036,178889674,,1,none,2026-09-23T18:56:56.957464+00:00,d9a4c43,,
csv,wide,synthetic,2000,8192,float32,random_rows,128,1,1.2648324580004555,178889674,,1,none,2026-09-23T18:56:56.957464+00:00,d9a4c43,,
csv,wide,synthetic,2000,8192,float32,random_rows,128,2,1.2865863749975688,178889674,,1,none,2026-09-23T18:56:56.957464+00:00,d9a4c43,,
csv,wide,synthetic,2000,8192,float32,feature_projection,8,0,0.30437458400410833,178889674,,1,none,2026-09-23T18:56:56.957464+00:00,d9a4c43,,
csv,wide,synthetic,2000,8192,float32,feature_projection,8,1,0.30472991699934937,178889674,,1,none,2026-09-23T18:56:56.957464+00:00,d9a4c43,,
csv,wide,synthetic,2000,8192,float32,feature_projection,8,2,0.316060875004041,178889674,,1,none,2026-09-23T18:56:56.957464+00:00,d9a4c43,,
csv,wide,synthetic,2000,8192,float32,vector_norm,l2,0,1.347637416998623,178889674,,1,none,2026-09-23T18:56:56.957464+00:00,d9a4c43,,
csv,wide,synthetic,2000,8192,float32,vector_norm,l2,1,1.305758832997526,178889674,,1,none,2026-09-23T18:56:56.957464+00:00,d9a4c43,,
csv,wide,synthetic,2000,8192,float32,vector_norm,l2,2,1.296065416005149,178889674,,1,none,2026-09-23T18:56:56.957464+00:00,d9a4c43,,
csv,delimited_array,synthetic,2000,8192,float32,write,all,0,8.270212416995491,199439279,,1,none,2026-09-23T18:56:56.957464+00:00,d9a4c43,241.83175705256983,1981085.753774652
csv,delimited_array,synthetic,2000,8192,float32,write,all,1,8.315296042004775,199439279,,1,none,2026-09-23T18:56:56.957464+00:00,d9a4c43,240.52060081769625,1970344.7618985677
csv,delimited_array,synthetic,2000,8192,float32,write,all,2,8.413764666001953,199439279,,1,none,2026-09-23T18:56:56.957464+00:00,d9a4c43,237.70572144494727,1947285.270077008
csv,delimited_array,synthetic,2000,8192,float32,full_read,all,0,0.9081791670032544,199439279,,1,none,2026-09-23T18:56:56.957464+00:00,d9a4c43,,
csv,delimited_array,synthetic,2000,8192,float32,full_read,all,1,0.9049977500035311,199439279,,1,none,2026-09-23T18:56:56.957464+00:00,d9a4c43,,
csv,delimited_array,synthetic,2000,8192,float32,full_read,all,2,0.9078504580029403,199439279,,1,none,2026-09-23T18:56:56.957464+00:00,d9a4c43,,
csv,delimited_array,synthetic,2000,8192,float32,matrix_materialization,all,0,1.6297828329988988,199439279,,1,none,2026-09-23T18:56:56.957464+00:00,d9a4c43,,
csv,delimited_array,synthetic,2000,8192,float32,matrix_materialization,all,1,1.6461446249959408,199439279,,1,none,2026-09-23T18:56:56.957464+00:00,d9a4c43,,
csv,delimited_array,synthetic,2000,8192,float32,matrix_materialization,all,2,1.6487222089999705,199439279,,1,none,2026-09-23T18:56:56.957464+00:00,d9a4c43,,
csv,delimited_array,synthetic,2000,8192,float32,random_rows,128,0,1.6778126670033089,199439279,,1,none,2026-09-23T18:56:56.957464+00:00,d9a4c43,,
csv,delimited_array,synthetic,2000,8192,float32,random_rows,128,1,1.7473875840005348,199439279,,1,none,2026-09-23T18:56:56.957464+00:00,d9a4c43,,
csv,delimited_array,synthetic,2000,8192,float32,random_rows,128,2,1.6908625419964665,199439279,,1,none,2026-09-23T18:56:56.957464+00:00,d9a4c43,,
csv,delimited_array,synthetic,2000,8192,float32,feature_projection,8,0,1.6966314999954193,199439279,,1,none,2026-09-23T18:56:56.957464+00:00,d9a4c43,,
csv,delimited_array,synthetic,2000,8192,float32,feature_projection,8,1,1.6886414590044296,199439279,,1,none,2026-09-23T18:56:56.957464+00:00,d9a4c43,,
csv,delimited_array,synthetic,2000,8192,float32,feature_projection,8,2,1.7136247499947785,199439279,,1,none,2026-09-23T18:56:56.957464+00:00,d9a4c43,,
csv,delimited_array,synthetic,2000,8192,float32,vector_norm,l2,0,1.6612230419996195,199439279,,1,none,2026-09-23T18:56:56.957464+00:00,d9a4c43,,
csv,delimited_array,synthetic,2000,8192,float32,vector_norm,l2,1,1.6562105830016662,199439279,,1,none,2026-09-23T18:56:56.957464+00:00,d9a4c43,,
csv,delimited_array,synthetic,2000,8192,float32,vector_norm,l2,2,1.6521152499990421,199439279,,1,none,2026-09-23T18:56:56.957464+00:00,d9a4c43,,
csv,json_array,synthetic,2000,8192,float32,write,all,0,6.892044457999873,321836283,,1,none,2026-09-23T18:56:56.957464+00:00,d9a4c43,290.18965449047846,2377233.6495859995
csv,json_array,synthetic,2000,8192,float32,write,all,1,6.855118999999831,321836283,,1,none,2026-09-23T18:56:56.957464+00:00,d9a4c43,291.7527762829572,2390038.7433099854
csv,json_array,synthetic,2000,8192,float32,write,all,2,6.532798208005261,321836283,,1,none,2026-09-23T18:56:56.957464+00:00,d9a4c43,306.1475245858979,2507960.5214076755
csv,json_array,synthetic,2000,8192,float32,full_read,all,0,1.3783342919996358,321836283,,1,none,2026-09-23T18:56:56.957464+00:00,d9a4c43,,
csv,json_array,synthetic,2000,8192,float32,full_read,all,1,1.3734782920000725,321836283,,1,none,2026-09-23T18:56:56.957464+00:00,d9a4c43,,
csv,json_array,synthetic,2000,8192,float32,full_read,all,2,1.3868764590006322,321836283,,1,none,2026-09-23T18:56:56.957464+00:00,d9a4c43,,
csv,json_array,synthetic,2000,8192,float32,matrix_materialization,all,0,3.5282682920005755,321836283,,1,none,2026-09-23T18:56:56.957464+00:00,d9a4c43,,
csv,json_array,synthetic,2000,8192,float32,matrix_materialization,all,1,3.621926459003589,321836283,,1,none,2026-09-23T18:56:56.957464+00:00,d9a4c43,,
csv,json_array,synthetic,2000,8192,float32,matrix_materialization,all,2,3.5887117500024033,321836283,,1,none,2026-09-23T18:56:56.957464+00:00,d9a4c43,,
csv,json_array,synthetic,2000,8192,float32,random_rows,128,0,3.5833624589940882,321836283,,1,none,2026-09-23T18:56:56.957464+00:00,d9a4c43,,
csv,json_array,synthetic,2000,8192,float32,random_rows,128,1,3.5325299999967683,321836283,,1,none,2026-09-23T18:56:56.957464+00:00,d9a4c43,,
csv,json_array,synthetic,2000,8192,float32,random_rows,128,2,3.5284009579991107,321836283,,1,none,2026-09-23T18:56:56.957464+00:00,d9a4c43,,
csv,json_array,synthetic,2000,8192,float32,feature_projection,8,0,3.539555459006806,321836283,,1,none,2026-09-23T18:56:56.957464+00:00,d9a4c43,,
csv,json_array,synthetic,2000,8192,float32,feature_projection,8,1,3.618135875003645,321836283,,1,none,2026-09-23T18:56:56.957464+00:00,d9a4c43,,
csv,json_array,synthetic,2000,8192,float32,feature_projection,8,2,3.6041092919986113,321836283,,1,none,2026-09-23T18:56:56.957464+00:00,d9a4c43,,
csv,json_array,synthetic,2000,8192,float32,vector_norm,l2,0,3.57072275000246,321836283,,1,none,2026-09-23T18:56:56.957464+00:00,d9a4c43,,
csv,json_array,synthetic,2000,8192,float32,vector_norm,l2,1,3.532249415999104,321836283,,1,none,2026-09-23T18:56:56.957464+00:00,d9a4c43,,
csv,json_array,synthetic,2000,8192,float32,vector_norm,l2,2,3.5314172910002526,321836283,,1,none,2026-09-23T18:56:56.957464+00:00,d9a4c43,,
vortex,wide,synthetic,2000,8192,float32,write,all,0,2.656147957997746,67507664,,1,none,2026-09-23T18:56:56.957464+00:00,d9a4c43,752.9701024289466,6168331.07909793
vortex,wide,synthetic,2000,8192,float32,write,all,1,2.505069042003015,67507664,,1,none,2026-09-23T18:56:56.957464+00:00,d9a4c43,798.3811888876446,6540338.699367585
vortex,wide,synthetic,2000,8192,float32,write,all,2,2.3909333330011577,67507664,,1,none,2026-09-23T18:56:56.957464+00:00,d9a4c43,836.4934197013145,6852554.094193168
vortex,wide,synthetic,2000,8192,float32,full_read,all,0,0.1335332080052467,67507664,,1,none,2026-09-23T18:56:56.957464+00:00,d9a4c43,,
vortex,wide,synthetic,2000,8192,float32,full_read,all,1,0.14404370800184552,67507664,,1,none,2026-09-23T18:56:56.957464+00:00,d9a4c43,,
vortex,wide,synthetic,2000,8192,float32,full_read,all,2,0.13745841699710581,67507664,,1,none,2026-09-23T18:56:56.957464+00:00,d9a4c43,,
vortex,wide,synthetic,2000,8192,float32,matrix_materialization,all,0,0.17304908399819396,67507664,,1,none,2026-09-23T18:56:56.957464+00:00,d9a4c43,,
vortex,wide,synthetic,2000,8192,float32,matrix_materialization,all,1,0.16921266700228443,67507664,,1,none,2026-09-23T18:56:56.957464+00:00,d9a4c43,,
vortex,wide,synthetic,2000,8192,float32,matrix_materialization,all,2,0.19295120800234145,67507664,,1,none,2026-09-23T18:56:56.957464+00:00,d9a4c43,,
vortex,wide,synthetic,2000,8192,float32,random_rows,128,0,0.1712963750032941,67507664,,1,none,2026-09-23T18:56:56.957464+00:00,d9a4c43,,
vortex,wide,synthetic,2000,8192,float32,random_rows,128,1,0.17295629200089024,67507664,,1,none,2026-09-23T18:56:56.957464+00:00,d9a4c43,,
vortex,wide,synthetic,2000,8192,float32,random_rows,128,2,0.15867645799880847,67507664,,1,none,2026-09-23T18:56:56.957464+00:00,d9a4c43,,
vortex,wide,synthetic,2000,8192,float32,feature_projection,8,0,0.13401654199697077,67507664,,1,none,2026-09-23T18:56:56.957464+00:00,d9a4c43,,
vortex,wide,synthetic,2000,8192,float32,feature_projection,8,1,0.1358199579990469,67507664,,1,none,2026-09-23T18:56:56.957464+00:00,d9a4c43,,
vortex,wide,synthetic,2000,8192,float32,feature_projection,8,2,0.13436554199870443,67507664,,1,none,2026-09-23T18:56:56.957464+00:00,d9a4c43,,
vortex,wide,synthetic,2000,8192,float32,vector_norm,l2,0,0.1721458750034799,67507664,,1,none,2026-09-23T18:56:56.957464+00:00,d9a4c43,,
vortex,wide,synthetic,2000,8192,float32,vector_norm,l2,1,0.18389787500200327,67507664,,1,none,2026-09-23T18:56:56.957464+00:00,d9a4c43,,
vortex,wide,synthetic,2000,8192,float32,vector_norm,l2,2,0.17291320799995447,67507664,,1,none,2026-09-23T18:56:56.957464+00:00,d9a4c43,,
vortex,fixed_array,synthetic,2000,8192,float32,write,all,0,0.04246016699471511,57941254,,1,none,2026-09-23T18:56:56.957464+00:00,d9a4c43,47102.970655978206,385867535.61377347
vortex,fixed_array,synthetic,2000,8192,float32,write,all,1,0.04573641699971631,57941254,,1,none,2026-09-23T18:56:56.957464+00:00,d9a4c43,43728.82991714033,358226574.68121356
vortex,fixed_array,synthetic,2000,8192,float32,write,all,2,0.04381141700287117,57941254,,1,none,2026-09-23T18:56:56.957464+00:00,d9a4c43,45650.20117630367,373966448.0362797
vortex,fixed_array,synthetic,2000,8192,float32,full_read,all,0,0.0039297920011449605,57941254,,1,none,2026-09-23T18:56:56.957464+00:00,d9a4c43,,
vortex,fixed_array,synthetic,2000,8192,float32,full_read,all,1,0.004769790997670498,57941254,,1,none,2026-09-23T18:56:56.957464+00:00,d9a4c43,,
vortex,fixed_array,synthetic,2000,8192,float32,full_read,all,2,0.0039033330031088553,57941254,,1,none,2026-09-23T18:56:56.957464+00:00,d9a4c43,,
vortex,fixed_array,synthetic,2000,8192,float32,matrix_materialization,all,0,0.00495608300116146,57941254,,1,none,2026-09-23T18:56:56.957464+00:00,d9a4c43,,
vortex,fixed_array,synthetic,2000,8192,float32,matrix_materialization,all,1,0.007613166002556682,57941254,,1,none,2026-09-23T18:56:56.957464+00:00,d9a4c43,,
vortex,fixed_array,synthetic,2000,8192,float32,matrix_materialization,all,2,0.0053687919935327955,57941254,,1,none,2026-09-23T18:56:56.957464+00:00,d9a4c43,,
vortex,fixed_array,synthetic,2000,8192,float32,random_rows,128,0,0.005029250001825858,57941254,,1,none,2026-09-23T18:56:56.957464+00:00,d9a4c43,,
vortex,fixed_array,synthetic,2000,8192,float32,random_rows,128,1,0.004974333001882769,57941254,,1,none,2026-09-23T18:56:56.957464+00:00,d9a4c43,,
vortex,fixed_array,synthetic,2000,8192,float32,random_rows,128,2,0.005174707999685779,57941254,,1,none,2026-09-23T18:56:56.957464+00:00,d9a4c43,,
vortex,fixed_array,synthetic,2000,8192,float32,feature_projection,8,0,0.005010582994145807,57941254,,1,none,2026-09-23T18:56:56.957464+00:00,d9a4c43,,
vortex,fixed_array,synthetic,2000,8192,float32,feature_projection,8,1,0.005443333997391164,57941254,,1,none,2026-09-23T18:56:56.957464+00:00,d9a4c43,,
vortex,fixed_array,synthetic,2000,8192,float32,feature_projection,8,2,0.005199499995796941,57941254,,1,none,2026-09-23T18:56:56.957464+00:00,d9a4c43,,
vortex,fixed_array,synthetic,2000,8192,float32,vector_norm,l2,0,0.007707624994509388,57941254,,1,none,2026-09-23T18:56:56.957464+00:00,d9a4c43,,
vortex,fixed_array,synthetic,2000,8192,float32,vector_norm,l2,1,0.008478916999592911,57941254,,1,none,2026-09-23T18:56:56.957464+00:00,d9a4c43,,
vortex,fixed_array,synthetic,2000,8192,float32,vector_norm,l2,2,0.008290375000797212,57941254,,1,none,2026-09-23T18:56:56.957464+00:00,d9a4c43,,
lance,wide,synthetic,2000,8192,float32,write,all,0,0.704941208998207,71232941,,1,lance_default,2026-09-23T18:56:56.957464+00:00,d9a4c43,2837.116023962059,23241654.468297187
lance,wide,synthetic,2000,8192,float32,write,all,1,0.913770791994466,71232941,,1,lance_default,2026-09-23T18:56:56.957464+00:00,d9a4c43,2188.732686054286,17930098.164156713
lance,wide,synthetic,2000,8192,float32,write,all,2,0.8878385409989278,71232940,,1,lance_default,2026-09-23T18:56:56.957464+00:00,d9a4c43,2252.6618384348953,18453805.780458663
lance,wide,synthetic,2000,8192,float32,full_read,all,0,0.5619674170011422,71232940,,1,lance_default,2026-09-23T18:56:56.957464+00:00,d9a4c43,,
lance,wide,synthetic,2000,8192,float32,full_read,all,1,0.5633454999988317,71232940,,1,lance_default,2026-09-23T18:56:56.957464+00:00,d9a4c43,,
lance,wide,synthetic,2000,8192,float32,full_read,all,2,0.5669406249944586,71232940,,1,lance_default,2026-09-23T18:56:56.957464+00:00,d9a4c43,,
lance,wide,synthetic,2000,8192,float32,matrix_materialization,all,0,11.113561915997707,71232940,,1,lance_default,2026-09-23T18:56:56.957464+00:00,d9a4c43,,
lance,wide,synthetic,2000,8192,float32,matrix_materialization,all,1,11.162239917000988,71232940,,1,lance_default,2026-09-23T18:56:56.957464+00:00,d9a4c43,,
lance,wide,synthetic,2000,8192,float32,matrix_materialization,all,2,11.360714082999039,71232940,,1,lance_default,2026-09-23T18:56:56.957464+00:00,d9a4c43,,
lance,wide,synthetic,2000,8192,float32,random_rows,128,0,11.162137208004424,71232940,,1,lance_default,2026-09-23T18:56:56.957464+00:00,d9a4c43,,
lance,wide,synthetic,2000,8192,float32,random_rows,128,1,11.312416167005722,71232940,,1,lance_default,2026-09-23T18:56:56.957464+00:00,d9a4c43,,
lance,wide,synthetic,2000,8192,float32,random_rows,128,2,11.101143042003969,71232940,,1,lance_default,2026-09-23T18:56:56.957464+00:00,d9a4c43,,
lance,wide,synthetic,2000,8192,float32,feature_projection,8,0,0.09038270799646853,71232940,,1,lance_default,2026-09-23T18:56:56.957464+00:00,d9a4c43,,
lance,wide,synthetic,2000,8192,float32,feature_projection,8,1,0.08977541700005531,71232940,,1,lance_default,2026-09-23T18:56:56.957464+00:00,d9a4c43,,
lance,wide,synthetic,2000,8192,float32,feature_projection,8,2,0.09000616599951172,71232940,,1,lance_default,2026-09-23T18:56:56.957464+00:00,d9a4c43,,
lance,wide,synthetic,2000,8192,float32,vector_norm,l2,0,11.144519999994372,71232940,,1,lance_default,2026-09-23T18:56:56.957464+00:00,d9a4c43,,
lance,wide,synthetic,2000,8192,float32,vector_norm,l2,1,11.283335583000735,71232940,,1,lance_default,2026-09-23T18:56:56.957464+00:00,d9a4c43,,
lance,wide,synthetic,2000,8192,float32,vector_norm,l2,2,11.36286866699811,71232940,,1,lance_default,2026-09-23T18:56:56.957464+00:00,d9a4c43,,
lance,fixed_array,synthetic,2000,8192,float32,write,all,0,0.16329645799851278,65728998,,1,lance_default,2026-09-23T18:56:56.957464+00:00,d9a4c43,12247.663081695348,100332855.96524829
lance,fixed_array,synthetic,2000,8192,float32,write,all,1,0.14866983300453285,65728997,,1,lance_default,2026-09-23T18:56:56.957464+00:00,d9a4c43,13452.628280943998,110203930.87749323
lance,fixed_array,synthetic,2000,8192,float32,write,all,2,0.19384200000058627,65728998,,1,lance_default,2026-09-23T18:56:56.957464+00:00,d9a4c43,10317.681410602198,84522446.1156532
lance,fixed_array,synthetic,2000,8192,float32,full_read,all,0,0.005041999997047242,65728998,,1,lance_default,2026-09-23T18:56:56.957464+00:00,d9a4c43,,
lance,fixed_array,synthetic,2000,8192,float32,full_read,all,1,0.0049873749958351254,65728998,,1,lance_default,2026-09-23T18:56:56.957464+00:00,d9a4c43,,
lance,fixed_array,synthetic,2000,8192,float32,full_read,all,2,0.005155416998604778,65728998,,1,lance_default,2026-09-23T18:56:56.957464+00:00,d9a4c43,,
lance,fixed_array,synthetic,2000,8192,float32,matrix_materialization,all,0,0.007269957997777965,65728998,,1,lance_default,2026-09-23T18:56:56.957464+00:00,d9a4c43,,
lance,fixed_array,synthetic,2000,8192,float32,matrix_materialization,all,1,0.009168500000669155,65728998,,1,lance_default,2026-09-23T18:56:56.957464+00:00,d9a4c43,,
lance,fixed_array,synthetic,2000,8192,float32,matrix_materialization,all,2,0.007476375001715496,65728998,,1,lance_default,2026-09-23T18:56:56.957464+00:00,d9a4c43,,
lance,fixed_array,synthetic,2000,8192,float32,random_rows,128,0,0.006520625000121072,65728998,,1,lance_default,2026-09-23T18:56:56.957464+00:00,d9a4c43,,
lance,fixed_array,synthetic,2000,8192,float32,random_rows,128,1,0.006724833001499064,65728998,,1,lance_default,2026-09-23T18:56:56.957464+00:00,d9a4c43,,
lance,fixed_array,synthetic,2000,8192,float32,random_rows,128,2,0.007073666994983796,65728998,,1,lance_default,2026-09-23T18:56:56.957464+00:00,d9a4c43,,
lance,fixed_array,synthetic,2000,8192,float32,feature_projection,8,0,0.006940791005035862,65728998,,1,lance_default,2026-09-23T18:56:56.957464+00:00,d9a4c43,,
lance,fixed_array,synthetic,2000,8192,float32,feature_projection,8,1,0.006943041997146793,65728998,,1,lance_default,2026-09-23T18:56:56.957464+00:00,d9a4c43,,
lance,fixed_array,synthetic,2000,8192,float32,feature_projection,8,2,0.006928209004399832,65728998,,1,lance_default,2026-09-23T18:56:56.957464+00:00,d9a4c43,,
lance,fixed_array,synthetic,2000,8192,float32,vector_norm,l2,0,0.009976542001822963,65728998,,1,lance_default,2026-09-23T18:56:56.957464+00:00,d9a4c43,,
lance,fixed_array,synthetic,2000,8192,float32,vector_norm,l2,1,0.010556624998571351,65728998,,1,lance_default,2026-09-23T18:56:56.957464+00:00,d9a4c43,,
lance,fixed_array,synthetic,2000,8192,float32,vector_norm,l2,2,0.009957165995729156,65728998,,1,lance_default,2026-09-23T18:56:56.957464+00:00,d9a4c43,,
parquet,wide,synthetic,2000,8192,float32,write,all,0,1.289754500001436,92848960,,1,snappy,2026-09-23T18:56:56.957464+00:00,d9a4c43,1550.6827074437601,12703192.739379283
parquet,wide,synthetic,2000,8192,float32,write,all,1,1.212518792002811,92848960,,1,snappy,2026-09-23T18:56:56.957464+00:00,d9a4c43,1649.458971845249,13512367.89735628
parquet,wide,synthetic,2000,8192,float32,write,all,2,1.2041885420039762,92848960,,1,snappy,2026-09-23T18:56:56.957464+00:00,d9a4c43,1660.8694820095673,13605842.796622375
parquet,wide,synthetic,2000,8192,float32,full_read,all,0,0.0946575420020963,92848960,,1,snappy,2026-09-23T18:56:56.957464+00:00,d9a4c43,,
parquet,wide,synthetic,2000,8192,float32,full_read,all,1,0.10146870800235774,92848960,,1,snappy,2026-09-23T18:56:56.957464+00:00,d9a4c43,,
parquet,wide,synthetic,2000,8192,float32,full_read,all,2,0.0990982079965761,92848960,,1,snappy,2026-09-23T18:56:56.957464+00:00,d9a4c43,,
parquet,wide,synthetic,2000,8192,float32,matrix_materialization,all,0,0.13507499999832362,92848960,,1,snappy,2026-09-23T18:56:56.957464+00:00,d9a4c43,,
parquet,wide,synthetic,2000,8192,float32,matrix_materialization,all,1,0.13896166699851165,92848960,,1,snappy,2026-09-23T18:56:56.957464+00:00,d9a4c43,,
parquet,wide,synthetic,2000,8192,float32,matrix_materialization,all,2,0.14274524999927962,92848960,,1,snappy,2026-09-23T18:56:56.957464+00:00,d9a4c43,,
parquet,wide,synthetic,2000,8192,float32,random_rows,128,0,0.14056795799842803,92848960,,1,snappy,2026-09-23T18:56:56.957464+00:00,d9a4c43,,
parquet,wide,synthetic,2000,8192,float32,random_rows,128,1,0.1342399999994086,92848960,,1,snappy,2026-09-23T18:56:56.957464+00:00,d9a4c43,,
parquet,wide,synthetic,2000,8192,float32,random_rows,128,2,0.13152345799608156,92848960,,1,snappy,2026-09-23T18:56:56.957464+00:00,d9a4c43,,
parquet,wide,synthetic,2000,8192,float32,feature_projection,8,0,0.03879833300015889,92848960,,1,snappy,2026-09-23T18:56:56.957464+00:00,d9a4c43,,
parquet,wide,synthetic,2000,8192,float32,feature_projection,8,1,0.04024008299893467,92848960,,1,snappy,2026-09-23T18:56:56.957464+00:00,d9a4c43,,
parquet,wide,synthetic,2000,8192,float32,feature_projection,8,2,0.03955537500587525,92848960,,1,snappy,2026-09-23T18:56:56.957464+00:00,d9a4c43,,
parquet,wide,synthetic,2000,8192,float32,vector_norm,l2,0,0.1349757089992636,92848960,,1,snappy,2026-09-23T18:56:56.957464+00:00,d9a4c43,,
parquet,wide,synthetic,2000,8192,float32,vector_norm,l2,1,0.13515175000065938,92848960,,1,snappy,2026-09-23T18:56:56.957464+00:00,d9a4c43,,
parquet,wide,synthetic,2000,8192,float32,vector_norm,l2,2,0.1323682500005816,92848960,,1,snappy,2026-09-23T18:56:56.957464+00:00,d9a4c43,,
parquet,fixed_array,synthetic,2000,8192,float32,write,all,0,0.2557890829993994,66347041,,1,snappy,2026-09-23T18:56:56.957464+00:00,d9a4c43,7818.941983558759,64052772.72931335
parquet,fixed_array,synthetic,2000,8192,float32,write,all,1,0.26713616699998965,66347041,,1,snappy,2026-09-23T18:56:56.957464+00:00,d9a4c43,7486.818510801188,61332017.24048333
parquet,fixed_array,synthetic,2000,8192,float32,write,all,2,0.26602170799742453,66347041,,1,snappy,2026-09-23T18:56:56.957464+00:00,d9a4c43,7518.18344095198,61588958.74827862
parquet,fixed_array,synthetic,2000,8192,float32,full_read,all,0,0.032392208006058354,66347041,,1,snappy,2026-09-23T18:56:56.957464+00:00,d9a4c43,,
parquet,fixed_array,synthetic,2000,8192,float32,full_read,all,1,0.0379348749993369,66347041,,1,snappy,2026-09-23T18:56:56.957464+00:00,d9a4c43,,
parquet,fixed_array,synthetic,2000,8192,float32,full_read,all,2,0.032502957998076454,66347041,,1,snappy,2026-09-23T18:56:56.957464+00:00,d9a4c43,,
parquet,fixed_array,synthetic,2000,8192,float32,matrix_materialization,all,0,0.036039500002516434,66347041,,1,snappy,2026-09-23T18:56:56.957464+00:00,d9a4c43,,
parquet,fixed_array,synthetic,2000,8192,float32,matrix_materialization,all,1,0.03522037500079023,66347041,,1,snappy,2026-09-23T18:56:56.957464+00:00,d9a4c43,,
parquet,fixed_array,synthetic,2000,8192,float32,matrix_materialization,all,2,0.03566349999891827,66347041,,1,snappy,2026-09-23T18:56:56.957464+00:00,d9a4c43,,
parquet,fixed_array,synthetic,2000,8192,float32,random_rows,128,0,0.03797708300407976,66347041,,1,snappy,2026-09-23T18:56:56.957464+00:00,d9a4c43,,
parquet,fixed_array,synthetic,2000,8192,float32,random_rows,128,1,0.037508959001570474,66347041,,1,snappy,2026-09-23T18:56:56.957464+00:00,d9a4c43,,
parquet,fixed_array,synthetic,2000,8192,float32,random_rows,128,2,0.04150708300585393,66347041,,1,snappy,2026-09-23T18:56:56.957464+00:00,d9a4c43,,
parquet,fixed_array,synthetic,2000,8192,float32,feature_projection,8,0,0.03422787499584956,66347041,,1,snappy,2026-09-23T18:56:56.957464+00:00,d9a4c43,,
parquet,fixed_array,synthetic,2000,8192,float32,feature_projection,8,1,0.036936416996468324,66347041,,1,snappy,2026-09-23T18:56:56.957464+00:00,d9a4c43,,
parquet,fixed_array,synthetic,2000,8192,float32,feature_projection,8,2,0.03357033400243381,66347041,,1,snappy,2026-09-23T18:56:56.957464+00:00,d9a4c43,,
parquet,fixed_array,synthetic,2000,8192,float32,vector_norm,l2,0,0.037354375002905726,66347041,,1,snappy,2026-09-23T18:56:56.957464+00:00,d9a4c43,,
parquet,fixed_array,synthetic,2000,8192,float32,vector_norm,l2,1,0.037369084006058984,66347041,,1,snappy,2026-09-23T18:56:56.957464+00:00,d9a4c43,,
parquet,fixed_array,synthetic,2000,8192,float32,vector_norm,l2,2,0.04067104100249708,66347041,,1,snappy,2026-09-23T18:56:56.957464+00:00,d9a4c43,,
duckdb,wide,synthetic,2000,8192,float32,write,all,0,2.239972959003353,135278592,,1,duckdb_default,2026-09-23T18:56:56.957464+00:00,d9a4c43,892.8679214457455,7314374.012483547
duckdb,wide,synthetic,2000,8192,float32,write,all,1,2.2925404169945978,135278592,,1,duckdb_default,2026-09-23T18:56:56.957464+00:00,d9a4c43,872.3946523140895,7146656.991757021
duckdb,wide,synthetic,2000,8192,float32,write,all,2,2.332148084002256,135278592,,1,duckdb_default,2026-09-23T18:56:56.957464+00:00,d9a4c43,857.5784761350795,7025282.876498572
duckdb,wide,synthetic,2000,8192,float32,full_read,all,0,0.246689541003434,135278592,,1,duckdb_default,2026-09-23T18:56:56.957464+00:00,d9a4c43,,
duckdb,wide,synthetic,2000,8192,float32,full_read,all,1,0.2497440830047708,135278592,,1,duckdb_default,2026-09-23T18:56:56.957464+00:00,d9a4c43,,
duckdb,wide,synthetic,2000,8192,float32,full_read,all,2,0.24292529100057436,135278592,,1,duckdb_default,2026-09-23T18:56:56.957464+00:00,d9a4c43,,
duckdb,wide,synthetic,2000,8192,float32,matrix_materialization,all,0,0.2442396250044112,135278592,,1,duckdb_default,2026-09-23T18:56:56.957464+00:00,d9a4c43,,
duckdb,wide,synthetic,2000,8192,float32,matrix_materialization,all,1,0.24622591600200394,135278592,,1,duckdb_default,2026-09-23T18:56:56.957464+00:00,d9a4c43,,
duckdb,wide,synthetic,2000,8192,float32,matrix_materialization,all,2,0.24221704200317618,135278592,,1,duckdb_default,2026-09-23T18:56:56.957464+00:00,d9a4c43,,
duckdb,wide,synthetic,2000,8192,float32,random_rows,128,0,0.2417308750009397,135278592,,1,duckdb_default,2026-09-23T18:56:56.957464+00:00,d9a4c43,,
duckdb,wide,synthetic,2000,8192,float32,random_rows,128,1,0.24222991599526722,135278592,,1,duckdb_default,2026-09-23T18:56:56.957464+00:00,d9a4c43,,
duckdb,wide,synthetic,2000,8192,float32,random_rows,128,2,0.24119475000043167,135278592,,1,duckdb_default,2026-09-23T18:56:56.957464+00:00,d9a4c43,,
duckdb,wide,synthetic,2000,8192,float32,feature_projection,8,0,0.05245341700356221,135278592,,1,duckdb_default,2026-09-23T18:56:56.957464+00:00,d9a4c43,,
duckdb,wide,synthetic,2000,8192,float32,feature_projection,8,1,0.05232883300050162,135278592,,1,duckdb_default,2026-09-23T18:56:56.957464+00:00,d9a4c43,,
duckdb,wide,synthetic,2000,8192,float32,feature_projection,8,2,0.05228145799628692,135278592,,1,duckdb_default,2026-09-23T18:56:56.957464+00:00,d9a4c43,,
duckdb,wide,synthetic,2000,8192,float32,vector_norm,l2,0,0.24658516599447466,135278592,,1,duckdb_default,2026-09-23T18:56:56.957464+00:00,d9a4c43,,
duckdb,wide,synthetic,2000,8192,float32,vector_norm,l2,1,0.24099858300178312,135278592,,1,duckdb_default,2026-09-23T18:56:56.957464+00:00,d9a4c43,,
duckdb,wide,synthetic,2000,8192,float32,vector_norm,l2,2,0.24428879100014456,135278592,,1,duckdb_default,2026-09-23T18:56:56.957464+00:00,d9a4c43,,
duckdb,duckdb_array,synthetic,2000,8192,float32,write,all,0,1.5881339580009808,117338114,,1,duckdb_default,2026-09-23T18:56:56.957464+00:00,d9a4c43,1259.3396104428396,10316510.088747742
duckdb,duckdb_array,synthetic,2000,8192,float32,write,all,1,1.6519512090017088,117338114,,1,duckdb_default,2026-09-23T18:56:56.957464+00:00,d9a4c43,1210.6895101391165,9917968.467059642
duckdb,duckdb_array,synthetic,2000,8192,float32,write,all,2,1.7200772500000312,117338114,,1,duckdb_default,2026-09-23T18:56:56.957464+00:00,d9a4c43,1162.7384758445958,9525153.594118929
duckdb,duckdb_array,synthetic,2000,8192,float32,full_read,all,0,0.0469827080014511,117338114,,1,duckdb_default,2026-09-23T18:56:56.957464+00:00,d9a4c43,,
duckdb,duckdb_array,synthetic,2000,8192,float32,full_read,all,1,0.047388208004122134,117338114,,1,duckdb_default,2026-09-23T18:56:56.957464+00:00,d9a4c43,,
duckdb,duckdb_array,synthetic,2000,8192,float32,full_read,all,2,0.047021042002597824,117338114,,1,duckdb_default,2026-09-23T18:56:56.957464+00:00,d9a4c43,,
duckdb,duckdb_array,synthetic,2000,8192,float32,matrix_materialization,all,0,0.05356370800291188,117338114,,1,duckdb_default,2026-09-23T18:56:56.957464+00:00,d9a4c43,,
duckdb,duckdb_array,synthetic,2000,8192,float32,matrix_materialization,all,1,0.05356879199825926,117338114,,1,duckdb_default,2026-09-23T18:56:56.957464+00:00,d9a4c43,,
duckdb,duckdb_array,synthetic,2000,8192,float32,matrix_materialization,all,2,0.053329000002122484,117338114,,1,duckdb_default,2026-09-23T18:56:56.957464+00:00,d9a4c43,,
duckdb,duckdb_array,synthetic,2000,8192,float32,random_rows,128,0,0.05377791600039927,117338114,,1,duckdb_default,2026-09-23T18:56:56.957464+00:00,d9a4c43,,
duckdb,duckdb_array,synthetic,2000,8192,float32,random_rows,128,1,0.055356625001877546,117338114,,1,duckdb_default,2026-09-23T18:56:56.957464+00:00,d9a4c43,,
duckdb,duckdb_array,synthetic,2000,8192,float32,random_rows,128,2,0.056178874998295214,117338114,,1,duckdb_default,2026-09-23T18:56:56.957464+00:00,d9a4c43,,
duckdb,duckdb_array,synthetic,2000,8192,float32,feature_projection,8,0,0.031437666999408975,117338114,,1,duckdb_default,2026-09-23T18:56:56.957464+00:00,d9a4c43,,
duckdb,duckdb_array,synthetic,2000,8192,float32,feature_projection,8,1,0.031671166005253326,117338114,,1,duckdb_default,2026-09-23T18:56:56.957464+00:00,d9a4c43,,
duckdb,duckdb_array,synthetic,2000,8192,float32,feature_projection,8,2,0.03174833299999591,117338114,,1,duckdb_default,2026-09-23T18:56:56.957464+00:00,d9a4c43,,
duckdb,duckdb_array,synthetic,2000,8192,float32,vector_norm,l2,0,0.0565961669999524,117338114,,1,duckdb_default,2026-09-23T18:56:56.957464+00:00,d9a4c43,,
duckdb,duckdb_array,synthetic,2000,8192,float32,vector_norm,l2,1,0.05694670900265919,117338114,,1,duckdb_default,2026-09-23T18:56:56.957464+00:00,d9a4c43,,
duckdb,duckdb_array,synthetic,2000,8192,float32,vector_norm,l2,2,0.05672966700512916,117338114,,1,duckdb_default,2026-09-23T18:56:56.957464+00:00,d9a4c43,,
